method,dataset,seed,coverage,picp,mpiw,niw,pinball,aisl,nciw
baseline,parkinsons,778,0.9,0.92,32.666842036865205,0.6806726545437825,1.0025095922936142,40.100383691744554,0.6301219769460078
baseline,miami_housing,778,0.9,0.9009687836383208,426934.4029686278,0.16907623578021774,18228.832260674626,729153.2904269849,0.1687708464381743
baseline,parkinsons,779,0.9,0.9123404255319149,31.225155054641046,0.6512295623308803,0.9795730914380093,39.18292365752037,0.6182180394262998
baseline,computer,784,0.9,0.9035997559487492,23.14710733673789,0.23380916501755444,1.0798733328190284,43.19493331276114,0.2317000160162439
baseline,miami_housing,782,0.9,0.901686401148188,434456.15462225676,0.16852449752608872,19117.28058013204,764691.2232052814,0.16763184507359383
baseline,computer,782,0.9,0.9054301403294692,21.885012352107992,0.22106073082937366,1.1354012017130257,45.416048068521036,0.2193120924910211
baseline,computer,778,0.9,0.8767541183648566,20.752632807940298,0.20962255361555857,1.1814927054464004,47.259708217856,0.2202771825184374
baseline,computer,786,0.9,0.8901769371568029,22.424878004722473,0.22651391923962094,1.0969723419303667,43.87889367721467,0.23016342173995624
baseline,naval_propulsion,785,0.9,0.8977796397151235,0.002290021329578451,0.001303370136356546,8.899235271675612e-05,0.0035596941086702433,0.0013108817240806009
baseline,naval_propulsion,781,0.9,0.8961038961038961,0.002293995164520002,0.0013026661922316877,8.86606240904837e-05,0.003546424963619348,0.0013293515071137235
baseline,parkinsons,784,0.9,0.8995744680851064,29.56331131894313,0.6160049866424223,1.0188778883444543,40.75511553377817,0.6167429048102581
baseline,parkinsons,777,0.9,0.8893617021276595,29.845243018982597,0.621879542819274,1.0364952195313606,41.459808781254424,0.6450646396613076
baseline,computer,781,0.9,0.896888346552776,20.070153037732556,0.2027288185629551,1.15777329965475,46.31093198619,0.2048610514096617
baseline,computer,785,0.9,0.9145820622330689,21.72884425948891,0.2194832753483728,0.9677747287040241,38.71098914816097,0.21059181140968733
baseline,computer,777,0.9,0.9054301403294692,21.919263232403154,0.22140669931720358,1.0636852346216328,42.54740938486531,0.21778175520039286
baseline,naval_propulsion,786,0.9,0.9057394218684541,0.0023824173690211907,0.0013505767398079313,9.050798261579027e-05,0.0036203193046316106,0.0013247464042993474
baseline,naval_propulsion,778,0.9,0.9107666527021365,0.0023783083048312115,0.0013520797639745374,8.656514524466765e-05,0.003462605809786705,0.0013005807261941727
baseline,computer,783,0.9,0.8981086028065893,22.640915219008743,0.22869611332332063,1.1127721705808662,44.51088682323465,0.2311673076596654
baseline,miami_housing,785,0.9,0.9020452099031216,435771.8344518244,0.16903484656781398,17820.194293770986,712807.7717508394,0.16801687158628303
baseline,naval_propulsion,779,0.9,0.886887306242145,0.0022801993885050997,0.0012977799593085371,9.078501806757846e-05,0.0036314007227031377,0.0013495701194394013
baseline,naval_propulsion,780,0.9,0.893171344784248,0.0022626207140450383,0.0012863108095764856,9.257818799947888e-05,0.0037031275199791536,0.0013295474208597116
baseline,miami_housing,783,0.9,0.9077861499820595,423197.8224849179,0.1643486689261817,18408.933782097287,736357.3512838912,0.16086322299003308
baseline,naval_propulsion,784,0.9,0.8902387934645999,0.00228061291480037,0.001296539462649443,8.721889741138757e-05,0.0034887558964555015,0.0013299523495674565
baseline,naval_propulsion,782,0.9,0.902806870548806,0.0023772794076708514,0.0013522635993577085,8.909234178426051e-05,0.00356369367137042,0.0013396616749456135
baseline,miami_housing,777,0.9,0.9070685324721923,440706.01004686207,0.17166128229924904,19104.65748420541,764186.2993682162,0.16711260388756408
baseline,computer,780,0.9,0.8993288590604027,21.579870060913773,0.2179784854637755,1.1372662366484285,45.49064946593714,0.21960393652020344
baseline,miami_housing,779,0.9,0.8891280947255114,425824.55938003585,0.16517632249031647,19397.212363774437,775888.4945509774,0.1713391404607246
baseline,naval_propulsion,777,0.9,0.9136992040217846,0.0023318202058209003,0.0013279158347499433,8.90730936380128e-05,0.003562923745520511,0.0012670172260260343
baseline,computer,779,0.9,0.9023794996949359,22.42500422589453,0.22651519420095484,1.036257503463477,41.450300138539085,0.22419543116447244
baseline,miami_housing,784,0.9,0.9088625762468604,439256.70943490416,0.17038662119274792,17295.600927004176,691824.0370801671,0.16451653883059975
baseline,parkinsons,781,0.9,0.8876595744680851,29.628062572398527,0.617354195957629,1.03490181958403,41.396072783361184,0.6379112655528922
baseline,naval_propulsion,783,0.9,0.8981985756179305,0.0023538753730691906,0.0013366697178132825,9.002617136828178e-05,0.0036010468547312707,0.0013402705329726707
baseline,kin8nm,781,0.9,0.9212934716290421,0.6526746116593687,0.4679336503287853,0.020128856693167663,0.8051542677267063,0.444179612290849
baseline,miami_housing,780,0.9,0.8995335486185863,418796.8083370328,0.1624502747622315,18127.652895645002,725106.1158258,0.1638241490764909
baseline,kin8nm,782,0.9,0.9072605247101891,0.652596726774299,0.4709084259004355,0.020309183915465212,0.8123673566186084,0.4617867322435259
baseline,parkinsons,782,0.9,0.9063829787234042,31.18178480151299,0.6497288048323261,1.0158961767953532,40.63584707181412,0.6369762169298447
baseline,kin8nm,780,0.9,0.8993288590604027,0.6404379689743107,0.4716590362672606,0.020329757004243006,0.8131902801697204,0.47589783812367314
baseline,parkinsons,780,0.9,0.8978723404255319,29.30294347200362,0.6105797522921241,0.9460566574778346,37.84226629911338,0.6120780794762557
baseline,miami_housing,781,0.9,0.9102978112665949,438763.3833385302,0.1701952611863965,17427.05171215362,697082.0684861448,0.16282272231224665
baseline,kin8nm,785,0.9,0.9066503965832825,0.6537608367005773,0.4696769237994747,0.020232951700861947,0.8093180680344778,0.46037233971157354
baseline,kin8nm,783,0.9,0.8938377059182429,0.6413727574131388,0.4657857071140103,0.020879175725066465,0.8351670290026584,0.47527828319365906
baseline,parkinsons,783,0.9,0.8995744680851064,30.896581753523318,0.6437860842124379,1.0377968303831115,41.51187321532446,0.6448636672711882
baseline,miami_housing,786,0.9,0.9070685324721923,434214.3303225115,0.16862692439709184,19333.417069010797,773336.6827604318,0.16397387404955707
baseline,sulfur,779,0.9,0.9003470500743679,0.0955298450422082,0.12084920333035822,0.005117366925021828,0.20469467700087307,0.12084202290001284
baseline,kin8nm,784,0.9,0.9084807809640024,0.6572983936019438,0.4816910203491941,0.020466123036879447,0.8186449214751778,0.47250592545276693
baseline,sulfur,785,0.9,0.8988596926127913,0.0983569812627295,0.11410865396466595,0.005741087245869062,0.2296434898347625,0.11444890414823586
baseline,kin8nm,779,0.9,0.900549115314216,0.6541129768512626,0.4611771203048192,0.021653748799192414,0.8661499519676965,0.4610884640526652
baseline,powerplant,784,0.9,0.8855799373040752,13.811512808092631,0.19663315501270828,0.4583047152495538,18.332188609982147,0.20407150913305744
baseline,powerplant,786,0.9,0.8850574712643678,13.69740320002677,0.18351290460914754,0.46092850013942444,18.437140005576975,0.19050487448812634
baseline,sulfur,782,0.9,0.9142290530490828,0.10050362743879827,0.11631677694811796,0.005087233880320101,0.203489355212804,0.10989377916619808
baseline,sulfur,786,0.9,0.9112543381259296,0.1007287054725332,0.11869510940232561,0.005033658573431009,0.20134634293724032,0.11361531291570949
baseline,sulfur,780,0.9,0.9112543381259296,0.10007503437779464,0.10072004554949358,0.005421596351935716,0.21686385407742864,0.09380619714405306
baseline,powerplant,783,0.9,0.9028213166144201,14.139549903913121,0.20170541945667783,0.43675025198895256,17.470010079558097,0.19984300411380493
baseline,powerplant,785,0.9,0.8975966562173459,14.219930707381309,0.2025342644549395,0.47151356997223526,18.860542798889405,0.20371623792988233
baseline,debutanizer,782,0.9,0.9081419624217119,0.3980620176517288,0.40276005256082986,0.015862182928634366,0.6344873171453742,0.38290814166283027
baseline,sulfur,783,0.9,0.9043133366385722,0.09788261890417241,0.103237877314086,0.005504180023931172,0.22016720095724693,0.10032672448576609
baseline,sulfur,781,0.9,0.8988596926127913,0.0956679488406906,0.11072025706895842,0.005598999192142383,0.22395996768569532,0.11118150225566774
baseline,sulfur,784,0.9,0.8968765493306892,0.09632099055775842,0.1013645883818754,0.005360083379408803,0.21440333517635213,0.10309944532164066
baseline,powerplant,781,0.9,0.8955067920585162,13.651477624436552,0.19350074591688943,0.4797905593190014,19.191622372760055,0.19536900860504694
baseline,debutanizer,777,0.9,0.8914405010438413,0.3751649129292414,0.377982938266683,0.01680923805267529,0.6723695221070116,0.39589110306818437
baseline,debutanizer,779,0.9,0.9290187891440501,0.4126005343560755,0.4148862964712654,0.016109419670923456,0.644376786836938,0.3634753197371869
baseline,kin8nm,777,0.9,0.9121415497254424,0.6604981530637526,0.4880527093432656,0.020892621116967023,0.8357048446786807,0.4683040688721925
baseline,debutanizer,780,0.9,0.9206680584551148,0.40394721136649464,0.40877439550101446,0.015263121708238306,0.610524868329532,0.38391143219763113
baseline,debutanizer,778,0.9,0.8622129436325678,0.3646220835886606,0.39995472381832997,0.01550669856999861,0.6202679427999441,0.4367990944014066
baseline,parkinsons,786,0.9,0.894468085106383,30.33129787510588,0.632007373626977,1.0184915464705766,40.739661858823055,0.6496514843204547
baseline,kin8nm,786,0.9,0.9084807809640024,0.6557010204218273,0.46579271763026936,0.020654078582845896,0.8261631433138358,0.45085861615382333
baseline,kin8nm,778,0.9,0.9011592434411226,0.6560837603126256,0.46606460595791865,0.020548214548584305,0.8219285819433723,0.4654163293026926
baseline,concrete,777,0.9,0.9223300970873787,35.92792946775381,0.47770149538297857,1.1074943934875399,44.29977573950159,0.45625908499218837
baseline,powerplant,779,0.9,0.900208986415883,14.089121184613646,0.18661087661739928,0.44635172817432045,17.854069126972814,0.18654018409867018
baseline,insurance,779,0.9,0.9067164179104478,20345.766377475953,0.3248332867606568,730.827489077783,29233.09956311131,0.323999045132872
baseline,sulfur,778,0.9,0.895884977689638,0.09732733634082757,0.12312310413418999,0.005047924487690569,0.20191697950762275,0.1248396063969171
baseline,parkinsons,785,0.9,0.9140425531914894,32.217217470213036,0.6713039146152074,1.0074148119419108,40.29659247767641,0.6313000389448514
baseline,powerplant,778,0.9,0.9122257053291536,14.333445346006442,0.18984695822525088,0.45830193444747913,18.332077377899164,0.18355331819124096
baseline,concrete,784,0.9,0.9660194174757282,39.31572738578859,0.5250497781221767,1.0722840135066882,42.89136054026752,0.4481419813812438
baseline,insurance,777,0.9,0.9216417910447762,19688.8197432035,0.33427807303716006,725.6949005845684,29027.79602338273,0.32677765804485553
baseline,powerplant,780,0.9,0.9080459770114943,14.392179771203585,0.20648751465141446,0.45191012354548044,18.076404941819213,0.2023897328556594
baseline,insurance,780,0.9,0.9216417910447762,21023.11655891648,0.442245957147294,653.4529808708701,26138.1192348348,0.42308559788013783
baseline,powerplant,777,0.9,0.9137931034482759,14.618843337482872,0.20854270096266572,0.44487084996951326,17.794833998780526,0.19992634058257142
baseline,insurance,783,0.9,0.8805970149253731,18990.617743955452,0.3516816141331415,668.6727120454659,26746.90848181864,0.36270826939476664
baseline,powerplant,782,0.9,0.9017763845350052,14.237413646445361,0.189958821166716,0.454002431249261,18.16009724997043,0.18923524382511053
baseline,insurance,782,0.9,0.917910447761194,19993.629334818863,0.3191885952817025,716.6381025271783,28665.52410108712,0.3045563156209236
baseline,insurance,778,0.9,0.914179104477612,21177.921408318398,0.3381216549263635,740.1133225149403,29604.532900597605,0.32580426428580184
baseline,insurance,781,0.9,0.8880597014925373,19093.351811163455,0.31074660296521955,752.1155639133652,30084.62255653461,0.3252349977999233
baseline,concrete,786,0.9,0.8883495145631068,36.479814185205505,0.5093523343368542,1.1486569097408712,45.94627638963482,0.5155643079661539
baseline,insurance,786,0.9,0.9328358208955224,19637.97481236778,0.3419184453470713,705.4142932390697,28216.571729562776,0.3194487391518993
baseline,sulfur,777,0.9,0.9072880515617253,0.0972025228181081,0.11396093400767235,0.005307088736759972,0.21228354947039893,0.10974170035995416
baseline,concrete,782,0.9,0.9368932038834952,38.32960270095293,0.5068042139488687,1.1121359478164976,44.48543791265988,0.43278569485224705
baseline,concrete,779,0.9,0.9466019417475728,39.44090745222175,0.5390311254916188,1.0552031740516132,42.2081269620645,0.49543769539249494
baseline,debutanizer,784,0.9,0.9039665970772442,0.4002947494536307,0.4034856633692502,0.015925167333219754,0.63700669332879,0.401743667458884
baseline,debutanizer,783,0.9,0.8830897703549061,0.38729216006989103,0.3931085589280197,0.01693993531385464,0.6775974125541855,0.40633547561459815
baseline,energy_efficiency,785,0.9,0.9285714285714286,12.190231053351944,0.3322494154633944,0.33617731495775716,13.447092598310283,0.3093314106430997
baseline,debutanizer,785,0.9,0.9102296450939458,0.3851321051472272,0.38801477946818236,0.016599527773311883,0.6639811109324751,0.3584313731936178
baseline,concrete,785,0.9,0.8689320388349514,35.21760788258342,0.48223480600552404,1.2660496246522572,50.641984986090286,0.5451724474985069
baseline,concrete,780,0.9,0.8592233009708737,34.14212653462173,0.43963593271467594,1.1393849386649229,45.57539754659691,0.47778643597009446
baseline,energy_efficiency,781,0.9,0.935064935064935,12.151102380290219,0.328852567802171,0.3323067071409431,13.292268285637721,0.2995724708211702
baseline,debutanizer,786,0.9,0.9144050104384134,0.40804438892261263,0.40805829963004703,0.01761959050039811,0.7047836200159242,0.37273111035965195
baseline,insurance,785,0.9,0.914179104477612,20565.355517296473,0.4326932229888356,661.5448295750568,26461.79318300226,0.40445095580848717
baseline,energy_efficiency,780,0.9,0.9025974025974026,11.981180464336807,0.32302993972328947,0.36616294240495917,14.646517696198364,0.31768780514499595
baseline,concrete,778,0.9,0.8543689320388349,32.759657044056844,0.4520443913903249,1.1073325503939482,44.29330201575791,0.489738077654803
baseline,debutanizer,781,0.9,0.918580375782881,0.3927748552794998,0.3927913682286201,0.016693687163179267,0.6677474865271706,0.3683290214835243
baseline,airfoil,784,0.9,0.9069767441860465,15.667874218238355,0.42509901018092505,0.5153270151538171,20.613080606152682,0.3975672788377027
baseline,energy_efficiency,786,0.9,0.935064935064935,11.809508677820823,0.34571161234838477,0.3318770749670928,13.275082998683706,0.2925961364599319
baseline,insurance,784,0.9,0.9328358208955224,21628.539655287346,0.37727170623479017,688.9371097696051,27557.484390784193,0.36310580511426715
baseline,energy_efficiency,777,0.9,0.8766233766233766,11.54312651040189,0.319488693894323,0.358173658661319,14.326946346452752,0.3426251389497876
baseline,concrete,783,0.9,0.9368932038834952,38.10957873287987,0.5170204684965387,1.0669207857501128,42.67683143000449,0.4451408969687889
baseline,concrete,781,0.9,0.8932038834951457,36.29716054730411,0.48707944910499346,1.1160483048323884,44.64193219329551,0.4940057324919119
baseline,airfoil,779,0.9,0.8837209302325582,15.019820666555233,0.4240730890099732,0.5440040737532957,21.76016295013183,0.4373391871701348
baseline,energy_efficiency,778,0.9,0.8961038961038961,12.153163647241106,0.3364663246744492,0.35533714822633045,14.213485929053217,0.3389339484751771
baseline,energy_efficiency,783,0.9,0.922077922077922,12.58214775880238,0.3392328864600264,0.3578828989133054,14.315315956532213,0.3080914981615771
baseline,airfoil,781,0.9,0.8870431893687708,15.956338344797759,0.43802400199840125,0.5826844035540628,23.307376142162507,0.45309635265737846
baseline,airfoil,786,0.9,0.8604651162790697,14.884334657711035,0.4241034493307224,0.547990455880681,21.919618235227233,0.4641644060566318
baseline,energy_efficiency,782,0.9,0.9285714285714286,13.734542134816422,0.37804960459169895,0.3694991664403887,14.779966657615544,0.32568867688849196
baseline,airfoil,785,0.9,0.9401993355481728,16.66055975156246,0.4909695217646746,0.5148527015333497,20.59410806133398,0.4175927551742147
baseline,energy_efficiency,779,0.9,0.8636363636363636,11.119365174175897,0.3009300453092259,0.3404718805114128,13.618875220456506,0.3224528879600414
baseline,energy_efficiency,784,0.9,0.9415584415584416,12.587155898421576,0.34120780424021624,0.3362010596592787,13.448042386371142,0.29916828068487195
baseline,airfoil,782,0.9,0.9003322259136213,15.70145453730447,0.4676392225787608,0.5306098673511654,21.22439469404661,0.4574217188453777
baseline,airfoil,780,0.9,0.9169435215946844,15.655346894636866,0.42906643173286013,0.5016268129284798,20.065072517139185,0.4134511522659524
baseline,airfoil,778,0.9,0.8737541528239202,14.960145773026115,0.473078005661263,0.5599966333663601,22.3998653346544,0.5196093827463552
baseline,airfoil,777,0.9,0.8504983388704319,15.205691127345826,0.45124762226150195,0.5925712420074211,23.702849680296843,0.5365090962545961
baseline,airfoil,783,0.9,0.8504983388704319,14.669099152041099,0.4113831160480426,0.5513512604418762,22.05405041767504,0.4724565249312052
tabpfn-v3,miami_housing,777,0.9,0.8758521707929674,142598.92315886257,0.05554431626956825,5239.3771256615555,209575.08502646215,0.059626323531280036
tabpfn-v3,miami_housing,780,0.9,0.8808754933620381,143870.7632030409,0.0558071230422967,5314.037056955285,212561.48227821133,0.05891127240667085
tabpfn-v3,miami_housing,779,0.9,0.876210979547901,139933.13708176353,0.05427972733970657,5491.287955939408,219651.51823757624,0.05905211830568206
tabpfn-v3,miami_housing,778,0.9,0.8736993182633657,142601.2048657831,0.05647348812553289,5370.515432911174,214820.6173164469,0.06154834915807674
tabpfn-v3,miami_housing,782,0.9,0.8618586293505561,138564.02414951113,0.053748651725954666,5081.119996229706,203244.7998491882,0.05875343906331502
tabpfn-v3,miami_housing,781,0.9,0.876210979547901,135627.46816973898,0.05260956872371566,5205.9302737178205,208237.21094871277,0.056869099363770714
tabpfn-v3,miami_housing,784,0.9,0.873340509508432,138961.15869999104,0.05390269926299109,5246.777163644825,209871.08654579296,0.05992297507366608
tabpfn-v3,miami_housing,783,0.9,0.8736993182633657,140005.98265243767,0.05437125539900492,5252.436205450251,210097.44821800996,0.059217579042160066
tabpfn-v3,naval_propulsion,778,0.9,1.0,0.01405364185396877,0.00798956330526934,0.00035134104634921935,0.01405364185396877,0.001449698177583006
tabpfn-v3,naval_propulsion,777,0.9,1.0,0.013851214282973121,0.007887935240873075,0.0003462803570743282,0.013851214282973121,0.0014007826455734874
tabpfn-v3,miami_housing,786,0.9,0.8963042698241838,150859.52663874687,0.058586223937377425,5065.445854567524,202617.83418270093,0.05985191669806242
tabpfn-v3,miami_housing,785,0.9,0.8747757445281665,139602.9460833782,0.054151647045530715,5300.920489801983,212036.8195920793,0.05858133834497147
tabpfn-v3,naval_propulsion,779,0.9,1.0,0.014303326435078124,0.008140766326168539,0.0003575831608769532,0.014303326435078124,0.0014823381372714383
tabpfn-v3,naval_propulsion,780,0.9,1.0,0.01378668890895332,0.007837799266033724,0.0003446672227238332,0.01378668890895332,0.0015523241198732115
tabpfn-v3,naval_propulsion,782,0.9,1.0,0.014173105483930082,0.008062062277548398,0.0003543276370982522,0.014173105483930082,0.0014070849340156598
tabpfn-v3,naval_propulsion,781,0.9,1.0,0.013959677912572662,0.007927131125822068,0.00034899194781431666,0.013959677912572662,0.0014593374114882849
tabpfn-v3,naval_propulsion,783,0.9,1.0,0.013861552289728844,0.007871409590987418,0.00034653880724322124,0.013861552289728844,0.0014440235435015268
tabpfn-v3,naval_propulsion,784,0.9,1.0,0.014037975736327585,0.007980657041687086,0.00035094939340818974,0.014037975736327585,0.0013572518023688112
tabpfn-v3,naval_propulsion,785,0.9,1.0,0.013649410837781345,0.007768588979955234,0.00034123527094453374,0.013649410837781345,0.001465651231586109
tabpfn-v3,naval_propulsion,786,0.9,1.0,0.014196250014940365,0.008047760779444652,0.00035490625037350924,0.014196250014940365,0.001482232695748508
tabpfn-v3,computer,777,0.9,0.884685784014643,5.8754285270662985,0.05934776289965958,0.2015454699238166,8.061818796952663,0.062295711672301225
tabpfn-v3,computer,778,0.9,0.8907870652837095,5.978008633637443,0.060383925592297404,0.2126440590005448,8.50576236002179,0.0630211876935907
tabpfn-v3,computer,779,0.9,0.9048200122025626,5.908517964516128,0.059681999641577055,0.1912139494619841,7.648557978479364,0.058559403332572535
tabpfn-v3,computer,780,0.9,0.900549115314216,6.032275423471196,0.060932074984557535,0.19499864056388228,7.799945622555288,0.06088169906382071
tabpfn-v3,computer,781,0.9,0.8999389871873094,5.95657179165061,0.06016739183485465,0.20082255508784774,8.032902203513908,0.06022560777970484
tabpfn-v3,computer,782,0.9,0.8938377059182429,5.988312296201137,0.060488002991930676,0.2065237234466465,8.260948937865857,0.061654065901542515
tabpfn-v3,computer,783,0.9,0.9145820622330689,6.002054536539,0.06062681350039394,0.18618726909997046,7.447490763998817,0.05763460673253559
tabpfn-v3,computer,784,0.9,0.8932275777913362,5.908418845373949,0.05968099843812069,0.19995842335644554,7.998336934257819,0.061218721489269906
tabpfn-v3,computer,785,0.9,0.8962782184258694,5.818251247374003,0.05877021461993943,0.20193935034295424,8.077574013718168,0.060002705154253745
tabpfn-v3,computer,786,0.9,0.8999389871873094,5.878756246456218,0.059381376226830485,0.20022283641211217,8.008913456484484,0.059485697676219
tabpfn-v3,parkinsons,777,0.9,0.894468085106383,6.863085715517085,0.14300478653769555,0.2169366451329171,8.677465805316682,0.14451483670559473
tabpfn-v3,parkinsons,778,0.9,0.9080851063829787,6.930514332385774,0.14440978355529618,0.20822770689148604,8.32910827565944,0.1419901411203312
tabpfn-v3,parkinsons,779,0.9,0.8936170212765957,6.940561743391321,0.1447518508257137,0.20495106533732316,8.198042613492927,0.14601596228416516
tabpfn-v3,parkinsons,780,0.9,0.9029787234042553,6.944361469999273,0.1446983136772644,0.20426272153067088,8.170508861226832,0.14365291345044465
tabpfn-v3,parkinsons,781,0.9,0.8740425531914894,6.734951361798226,0.14033487585010473,0.2125500491560267,8.502001966241066,0.1461833474291037
tabpfn-v3,parkinsons,782,0.9,0.9106382978723404,6.908011037136646,0.14394088675480593,0.19571602861785897,7.828641144714356,0.14218308750175912
tabpfn-v3,parkinsons,783,0.9,0.8817021276595745,6.844943017350866,0.14262675065325192,0.2090604305642311,8.362417222569242,0.14622376455814495
tabpfn-v3,parkinsons,784,0.9,0.8987234042553192,6.722432652331413,0.14007402592789242,0.19835908246052525,7.934363298421008,0.14037587428844647
tabpfn-v3,parkinsons,785,0.9,0.9004255319148936,6.99158678257719,0.14568233836008482,0.2066998559868996,8.267994239475982,0.145653867863839
tabpfn-v3,parkinsons,786,0.9,0.8868085106382979,6.9584949322964285,0.14499280989115745,0.20205442738293594,8.082177095317435,0.14706328258136367
tabpfn-v3,kin8nm,777,0.9,0.8816351433801098,0.19614113660675858,0.14493184074862406,0.006500847056882221,0.2600338822752888,0.1533770165762142
tabpfn-v3,kin8nm,778,0.9,0.8816351433801098,0.19658218456467452,0.139646801109396,0.006489642724651165,0.25958570898604655,0.14903890461480432
tabpfn-v3,kin8nm,779,0.9,0.8840756558877364,0.1942460024598679,0.1369515897336104,0.006489670946824119,0.25958683787296466,0.1476965164635602
tabpfn-v3,kin8nm,780,0.9,0.9066503965832825,0.19564162710223568,0.14408287103992837,0.005867289555280649,0.2346915822112259,0.14110135945437957
tabpfn-v3,kin8nm,781,0.9,0.8871262965222697,0.1944330266362614,0.13939833766027226,0.00613576665208798,0.24543066608351907,0.1440437550523503
tabpfn-v3,kin8nm,782,0.9,0.8987187309334961,0.19695271385232438,0.14211945701206907,0.006227716578905375,0.24910866315621494,0.14265309943751758
tabpfn-v3,kin8nm,783,0.9,0.8895668090298963,0.1946960195462612,0.141394566714069,0.006134735508837814,0.2453894203535125,0.1450696639503648
tabpfn-v3,kin8nm,784,0.9,0.9035997559487492,0.1989954436212651,0.14583075086718766,0.0060712677189996445,0.2428507087599857,0.14424293680111158
tabpfn-v3,kin8nm,785,0.9,0.9017693715680293,0.19779644105322045,0.14210154349595758,0.0061102071614695,0.24440828645877996,0.1418927085155192
tabpfn-v3,kin8nm,786,0.9,0.8779743746186699,0.1936351616501517,0.13755331372791968,0.006238661855398604,0.24954647421594411,0.14491591786347258
tabpfn-v3,sulfur,777,0.9,0.909766980664353,0.055883315337238205,0.06551799919014592,0.0018350775804704196,0.07340310321881677,0.06459095141293965
tabpfn-v3,sulfur,778,0.9,0.9018344075359445,0.05467872790072019,0.06917085129783146,0.0018213046645221395,0.07285218658088558,0.06904323613400858
tabpfn-v3,sulfur,779,0.9,0.9127416955875062,0.05346049336126318,0.06762973424171294,0.001716794458120634,0.06867177832482535,0.06570325298347122
tabpfn-v3,sulfur,780,0.9,0.9147248388696083,0.055438041925080186,0.05579535538093972,0.0017566460481241671,0.07026584192496665,0.054699143917439144
tabpfn-v3,sulfur,781,0.9,0.9062964799206743,0.053287917277584085,0.06167218981007381,0.0018529786895204582,0.0741191475808183,0.06116931659391463
tabpfn-v3,sulfur,782,0.9,0.9053049082796232,0.05271311556822521,0.06100694932153913,0.0018202001130989895,0.07280800452395957,0.06011436888660682
tabpfn-v3,sulfur,783,0.9,0.9043133366385722,0.054241676204965124,0.05720929390784687,0.0016960120780616763,0.06784048312246703,0.05656289279716096
tabpfn-v3,sulfur,784,0.9,0.8993554784333168,0.055141803531526104,0.058029160468981204,0.0017544642225124183,0.0701785689004967,0.05810083822207733
tabpfn-v3,sulfur,785,0.9,0.9082796232027764,0.057631031813740755,0.06686052563258897,0.0019339283657976878,0.07735713463190749,0.06569234449254305
tabpfn-v3,sulfur,786,0.9,0.9053049082796232,0.05389657838615332,0.06350980326754917,0.0016863526448883926,0.0674541057955357,0.06278247682332992
tabpfn-v3,powerplant,777,0.9,0.8887147335423198,6.978987467575472,0.09955759582846604,0.2450908321272991,9.803633285091962,0.10321230167628254
tabpfn-v3,powerplant,779,0.9,0.8986415882967607,7.157614473763429,0.0948028407120984,0.25352041095028105,10.140816438011239,0.09508983474239138
tabpfn-v3,powerplant,778,0.9,0.8897596656217346,6.9114216293287125,0.09154200833547964,0.27318142451462696,10.927256980585078,0.09468578246969894
tabpfn-v3,powerplant,780,0.9,0.8892371995820272,6.930519494641662,0.0994335652028933,0.26759895388484634,10.703958155393849,0.10280369126501387
tabpfn-v3,powerplant,781,0.9,0.8824451410658307,6.869363176909858,0.09736871972940973,0.3032072515696941,12.12829006278776,0.10428862338228242
tabpfn-v3,powerplant,782,0.9,0.8819226750261233,7.008216594827586,0.09350522474753285,0.27519074442992014,11.007629777196806,0.09814988359644682
tabpfn-v3,powerplant,783,0.9,0.8845350052246604,6.957236279016254,0.09924730783190087,0.23890428748374948,9.556171499349977,0.1029170602562695
tabpfn-v3,powerplant,784,0.9,0.890282131661442,7.101854075209599,0.10110840084296124,0.2596982515468617,10.387930061874464,0.1046595215565386
tabpfn-v3,debutanizer,777,0.9,0.9352818371607515,0.07304968167313167,0.07359838931276574,0.0024967468538688725,0.09986987415475489,0.06664416686949703
tabpfn-v3,powerplant,785,0.9,0.877742946708464,6.75905120435055,0.09626906714642568,0.28647798488381765,11.459119395352706,0.10316997457040424
tabpfn-v3,debutanizer,778,0.9,0.9331941544885177,0.06389263225208952,0.07008396154973126,0.001992247924887167,0.07968991699548665,0.06421225693484807
tabpfn-v3,powerplant,786,0.9,0.8730407523510971,6.884824156885735,0.09224040939021619,0.28526910979172293,11.410764391668916,0.10087795889975358
tabpfn-v3,debutanizer,779,0.9,0.9561586638830898,0.07097882036137199,0.0713720353115564,0.0022009490457185798,0.08803796182874316,0.05589470487028157
tabpfn-v3,debutanizer,782,0.9,0.954070981210856,0.06477341177850954,0.06553788499178471,0.001767646529399712,0.07070586117598845,0.05177625998189308
tabpfn-v3,debutanizer,780,0.9,0.9457202505219207,0.060788156176695606,0.06151457689407155,0.0018446547723730408,0.0737861908949216,0.04843232047593756
tabpfn-v3,debutanizer,781,0.9,0.9352818371607515,0.06151467528103536,0.06151726146670742,0.002302245665973009,0.09208982663892036,0.05118813580100685
tabpfn-v3,debutanizer,785,0.9,0.9248434237995825,0.05930798023765117,0.0597518943891173,0.0021099941291331742,0.08439976516532695,0.05502761238675258
tabpfn-v3,debutanizer,783,0.9,0.9331941544885177,0.06848577490379734,0.06951430226380541,0.002355644050325666,0.09422576201302661,0.06282442183907958
tabpfn-v3,debutanizer,786,0.9,0.9269311064718163,0.06374608947883802,0.063748262657112,0.0017764273597411912,0.07105709438964763,0.05814394846898119
tabpfn-v3,debutanizer,784,0.9,0.941544885177453,0.06363093922611335,0.06413816758650948,0.0019270638585983362,0.07708255434393342,0.053392975955049514
tabpfn-v3,insurance,778,0.9,0.8992537313432836,4454.279356771441,0.07111596452635463,693.297721032888,27731.90884131552,0.07442910305635131
tabpfn-v3,insurance,777,0.9,0.8917910447761194,2769.313670144152,0.04701758913765299,716.3335766502631,28653.343066010526,0.09565270532611579
tabpfn-v3,insurance,780,0.9,0.9253731343283582,4414.267923155828,0.09285931214383475,517.8292249152997,20713.16899661199,0.05022847428186993
tabpfn-v3,insurance,783,0.9,0.8992537313432836,3148.9457160608094,0.058314391199538025,710.7144633930083,28428.57853572033,0.08112753728714182
tabpfn-v3,insurance,781,0.9,0.9104477611940298,3835.8790779683127,0.06242939451663401,701.8970326123228,28075.88130449292,0.04275291882698681
tabpfn-v3,insurance,779,0.9,0.9104477611940298,4786.88527873025,0.07642571184526951,678.7022963998095,27148.09185599238,0.04696324715699053
tabpfn-v3,insurance,782,0.9,0.9253731343283582,4972.476954901396,0.07938318289924393,609.8297548597376,24393.19019438951,0.04343283860183584
tabpfn-v3,insurance,786,0.9,0.914179104477612,4045.4522322469684,0.07043571199126854,609.5781338946625,24383.1253557865,0.03741461038234216
tabpfn-v3,insurance,785,0.9,0.917910447761194,4445.053322407737,0.09352352050574611,574.3236436608523,22972.945746434096,0.05162642876765622
tabpfn-v3,concrete,779,0.9,0.8932038834951457,8.248934860368378,0.11273657045740573,0.3562947358842035,14.251789435368138,0.13249424762166964
tabpfn-v3,concrete,778,0.9,0.8786407766990292,7.975004961189715,0.11004560454242741,0.28862082218082213,11.544832887232884,0.11936680180502873
tabpfn-v3,insurance,784,0.9,0.9104477611940298,4192.940177348122,0.0731384420797833,647.5205477916934,25900.82191166774,0.05220176463286726
tabpfn-v3,concrete,780,0.9,0.8446601941747572,8.064349236997586,0.1038417362477155,0.3981210954559661,15.924843818238639,0.12461045722985553
tabpfn-v3,concrete,781,0.9,0.9174757281553398,8.919072601401691,0.11968696459207852,0.3195364420680167,12.781457682720665,0.11084106655686561
tabpfn-v3,concrete,777,0.9,0.8495145631067961,7.30280735423264,0.09709888783715784,0.3873271310676649,15.493085242706593,0.13137164139185378
tabpfn-v3,concrete,782,0.9,0.8737864077669902,7.920893659869444,0.10473216527660247,0.2790361774777904,11.161447099111612,0.11388199117998801
tabpfn-v3,concrete,783,0.9,0.8689320388349514,8.174298319423084,0.11089809143159794,0.3291153603068834,13.164614412275334,0.11699023127352128
tabpfn-v3,concrete,786,0.9,0.8786407766990292,8.27113637530688,0.115486405687055,0.4547726724853794,18.190906899415175,0.12823431799897594
tabpfn-v3,energy_efficiency,778,0.9,0.9675324675324676,1.2137471019447623,0.033603186654063186,0.031143482706763537,1.245739308270541,0.028186671429151402
tabpfn-v3,concrete,785,0.9,0.8543689320388349,8.319979521834735,0.11392550351683876,0.3800658278442124,15.202633113768496,0.14335962735486768
tabpfn-v3,energy_efficiency,777,0.9,0.935064935064935,1.2054958560250022,0.033365509438832056,0.040790687954270995,1.6316275181708397,0.028935368647686942
tabpfn-v3,energy_efficiency,779,0.9,0.948051948051948,1.1342697669933368,0.030697422652052414,0.03071644927000071,1.228657970800028,0.026912961210539006
tabpfn-v3,concrete,784,0.9,0.8932038834951457,9.209537189562344,0.12299061417684755,0.30547107682934094,12.218843073173636,0.12759459655313815
tabpfn-v3,energy_efficiency,783,0.9,0.9545454545454546,1.0679364514041256,0.028793110040553398,0.027244531148439895,1.0897812459375957,0.02596242678016318
tabpfn-v3,energy_efficiency,781,0.9,0.9025974025974026,1.1137711506385308,0.030142656309567813,0.040017228172971056,1.6006891269188421,0.028713344009586167
tabpfn-v3,energy_efficiency,780,0.9,0.9675324675324676,1.137015692599408,0.030655586211900992,0.03791272895676749,1.5165091582706995,0.024545152980411832
tabpfn-v3,energy_efficiency,782,0.9,0.922077922077922,1.113754569710075,0.03065660802945431,0.03579632808635763,1.4318531234543048,0.02802844383387869
tabpfn-v3,energy_efficiency,784,0.9,0.935064935064935,1.0915793505581943,0.02959011522250459,0.04112883301524374,1.6451533206097497,0.027459667902471455
tabpfn-v3,energy_efficiency,785,0.9,0.9025974025974026,1.12229272607085,0.03058851801773916,0.03689489852298393,1.4757959409193568,0.029971364244044323
tabpfn-v3,energy_efficiency,786,0.9,0.9545454545454546,1.0344971557716272,0.03028387458347855,0.03580550568444388,1.432220227377755,0.026988182169423405
tabpfn-v3,airfoil,779,0.9,0.920265780730897,2.5821153761144493,0.07290404246751507,0.08623432904620504,3.4493731618482,0.06838454799674261
tabpfn-v3,airfoil,777,0.9,0.9136212624584718,2.5419977638016507,0.0754369161587575,0.08833078144871925,3.5332312579487697,0.07240668405696872
tabpfn-v3,airfoil,778,0.9,0.9568106312292359,2.6047386093393117,0.08236848525880885,0.08436958150768595,3.3747832603074377,0.073470376031679
tabpfn-v3,airfoil,781,0.9,0.8903654485049833,2.5485469780094996,0.06996121055258317,0.08858405200033093,3.543362080013236,0.07224896231654451
tabpfn-v3,airfoil,780,0.9,0.9136212624584718,2.6612642864848293,0.07293732799311617,0.09545840776006248,3.8183363104024983,0.06644223828797176
tabpfn-v3,airfoil,785,0.9,0.8903654485049833,2.473945820450387,0.07290463312460624,0.0884054842470492,3.5362193698819677,0.07385102560083255
tabpfn-v3,airfoil,782,0.9,0.9169435215946844,2.452960423060826,0.07305695803731316,0.07484087483352198,2.9936349933408786,0.06715929743978537
tabpfn-v3,airfoil,783,0.9,0.9036544850498339,2.564974255736088,0.07193264500914491,0.09218322125304973,3.687328850121988,0.07036489446413581
tabpfn-v3,airfoil,784,0.9,0.9136212624584718,2.5141100202287947,0.06821255176028419,0.08824170180412624,3.5296680721650495,0.06627946263229288
tabpfn-v3,airfoil,786,0.9,0.920265780730897,2.5732950609783796,0.07332160533902381,0.08522519534291623,3.4090078137166486,0.06818814497806706
uacqr,naval_propulsion,782,0.9,0.9023879346459992,0.009145999321839677,0.005202502458384344,0.00023179243474412195,0.009271697389764874,0.0017341785115910912
uacqr,naval_propulsion,780,0.9,0.9049015500628403,0.009581253219709568,0.005446988754809305,0.0002400868490781551,0.0096034739631262,0.001815657435008561
uacqr,naval_propulsion,777,0.9,0.8973607038123167,0.008797066833216823,0.005009719153312542,0.00022323675567278783,0.008929470226911512,0.0018734285374208176
uacqr,naval_propulsion,778,0.9,0.9011311269375786,0.009884708981210336,0.005619504821609059,0.00024858446289392343,0.009943378515756935,0.001873167678409665
uacqr,naval_propulsion,781,0.9,0.9065772936740679,0.01044859703447612,0.005933331649333402,0.0002631843576389575,0.010527374305558296,0.0017851176331150445
uacqr,naval_propulsion,779,0.9,0.9363217427733557,0.012324067822899038,0.007014267400625519,0.0003097776937332422,0.01239110774932968,0.0023105101113823226
uacqr,miami_housing,781,0.9,0.9174739863652673,217452.30652639488,0.08434922673638282,7315.25513411879,292610.2053647515,0.07963467277459503
uacqr,miami_housing,777,0.9,0.9031216361679225,223003.53574071583,0.08686306070218355,7977.891382282698,319115.65529130783,0.08686306070218355
uacqr,miami_housing,785,0.9,0.8923573735199138,213803.0281552745,0.08293368043261229,7700.868996400703,308034.75985602796,0.08604369344883525
uacqr,miami_housing,783,0.9,0.8991747398636527,218415.46486757713,0.08482153975439889,7595.278356754016,303811.1342701606,0.08506388701084003
uacqr,miami_housing,779,0.9,0.898815931108719,219885.5533756055,0.08529307733731788,7764.032439184722,310561.29756738874,0.0858465115983244
uacqr,miami_housing,784,0.9,0.9156799425905993,222046.4871781934,0.08613129836237138,7821.752072260722,312870.0828904288,0.08316125359125513
uacqr,miami_housing,780,0.9,0.9009687836383208,219921.1430413527,0.08530688248306932,7201.681509856031,288067.26039424114,0.08530688248306932
uacqr,miami_housing,778,0.9,0.9059921062073915,224464.6689456629,0.08889337806251749,7918.463531925572,316738.5412770228,0.08889337806251749
uacqr,miami_housing,782,0.9,0.8973806960889845,213811.88859548798,0.08293711737606206,7552.246292075935,302089.8516830373,0.08446638504133665
uacqr,miami_housing,786,0.9,0.898815931108719,224320.69853897562,0.0871148343840682,8497.806775458606,339912.2710183441,0.08796278956382651
uacqr,computer,777,0.9,0.9066503965832825,6.461714566535816,0.06526984410642239,0.25043850944464424,10.017540377785767,0.06526984410642239
uacqr,computer,778,0.9,0.8932275777913362,6.632459020236412,0.06699453555794356,0.2887065306751375,11.548261227005499,0.0781602914842675
uacqr,parkinsons,778,0.9,0.9148936170212766,10.458469418464823,0.2179210997346396,0.3037524171048429,12.150096684193713,0.2179210997346396
uacqr,parkinsons,777,0.9,0.9046808510638298,10.645599947584437,0.2218203022917244,0.33349238890164973,13.339695556065985,0.2218203022917244
uacqr,naval_propulsion,783,0.9,0.8969417679095099,0.009013742345818726,0.005118536255433689,0.00022639139144551467,0.009055655657820584,0.0018065414139388323
uacqr,naval_propulsion,785,0.9,0.9082530372852954,0.009455048459241416,0.00538135939626717,0.0002382618013471304,0.009530472053885212,0.0017938024318913922
uacqr,naval_propulsion,784,0.9,0.9116045245077503,0.010361899291315386,0.005890789818826257,0.00025967627914819867,0.010387051165927943,0.001963598478931269
uacqr,computer,779,0.9,0.9176327028676022,6.708602935039393,0.06776366601049892,0.25285844836540894,10.114337934616355,0.06776366601049892
uacqr,naval_propulsion,786,0.9,0.9074151654796816,0.010103959513724375,0.005727868205059169,0.00025532250423772513,0.010212900169509001,0.0019093179279842435
uacqr,computer,781,0.9,0.9054301403294692,6.613758596034222,0.06680564238418406,0.26517617268359395,10.607046907343756,0.06680564238418406
uacqr,computer,780,0.9,0.9066503965832825,6.503844083519226,0.06569539478302248,0.260719945762236,10.42879783048944,0.06569539478302248
uacqr,computer,782,0.9,0.9115314215985357,6.8962784105499315,0.06965937788434275,0.2741153171571237,10.964612686284946,0.06965937788434275
uacqr,computer,783,0.9,0.9090909090909091,6.853843965527305,0.06923074712653843,0.2574961807152633,10.29984722861053,0.06923074712653843
uacqr,computer,784,0.9,0.9060402684563759,6.5724529502703115,0.06638841363909405,0.2617335179903618,10.469340719614472,0.06638841363909405
uacqr,computer,785,0.9,0.8956680902989628,6.439353565618968,0.06504397541029261,0.2662157095358449,10.648628381433793,0.07308304325929003
uacqr,computer,786,0.9,0.9017693715680293,6.586455140883345,0.06652984990791258,0.2733099508960121,10.932398035840482,0.06652984990791258
uacqr,parkinsons,779,0.9,0.8987234042553192,10.368072315378392,0.21623576197919395,0.31397814780223127,12.559125912089245,0.21623576378548748
uacqr,parkinsons,780,0.9,0.9157446808510639,10.737673832913663,0.22373882799036637,0.30523204827580563,12.209281931032223,0.22373881558990952
uacqr,parkinsons,782,0.9,0.9038297872340425,10.262575098808776,0.21383928777314504,0.28229831379594206,11.291932551837679,0.21383928777314504
uacqr,parkinsons,781,0.9,0.8953191489361703,11.452693634439022,0.2386375569769758,0.32732923717782864,13.093169487113142,0.23863757029075464
uacqr,parkinsons,783,0.9,0.8910638297872341,9.81249301342254,0.20446101461540547,0.30103731220229135,12.04149248809165,0.2044610401176818
uacqr,parkinsons,784,0.9,0.9174468085106383,10.615978461732256,0.22120308513361095,0.2934690174716382,11.738760698865526,0.22120307431838393
uacqr,parkinsons,785,0.9,0.8953191489361703,10.276453569290485,0.21412847077201377,0.3068083900398093,12.272335601592367,0.21412849631896302
uacqr,parkinsons,786,0.9,0.8893617021276595,9.567139539921538,0.19934863185367432,0.27486920397713854,10.994768159085538,0.19934865893356724
uacqr,kin8nm,777,0.9,0.8938377059182429,0.5100827591631236,0.3769083553740415,0.01583860277096915,0.6335441108387658,0.386939611551337
uacqr,kin8nm,778,0.9,0.9115314215985357,0.5266145495714902,0.3740930920478695,0.01561641688881188,0.624656675552475,0.36106352755860555
uacqr,kin8nm,779,0.9,0.8993288590604027,0.520989345883254,0.3673193695078834,0.015994308652491972,0.6397723460996788,0.36906134318857836
uacqr,kin8nm,780,0.9,0.9206833435021354,0.5311899647125753,0.39120189459164173,0.015646296687064475,0.6258518674825789,0.373436732814213
uacqr,kin8nm,781,0.9,0.9054301403294692,0.5077495962435913,0.3640299741691662,0.015263890671048958,0.6105556268419582,0.35985163683757976
uacqr,kin8nm,782,0.9,0.9182428309945089,0.52581445408202,0.37942338159029276,0.015450480943182169,0.6180192377272865,0.3670185190637206
uacqr,kin8nm,783,0.9,0.896888346552776,0.5192389600047111,0.3770881805495021,0.01626975819556095,0.6507903278224381,0.38204214028544775
uacqr,kin8nm,784,0.9,0.9060402684563759,0.5252138622846089,0.38489490266216014,0.015899229558419763,0.6359691823367905,0.377203486830745
uacqr,kin8nm,785,0.9,0.9042098840756558,0.5101047661916885,0.36647107619585406,0.015428683214743302,0.617147328589732,0.3638646576824932
uacqr,kin8nm,786,0.9,0.9341061622940817,0.5415270184692339,0.38468651679195226,0.01581427500795478,0.632571000318191,0.35269181608383177
uacqr,sulfur,778,0.9,0.8914229053049083,0.08537813446167755,0.10800686975852582,0.0030117422172712105,0.1204696886908484,0.11040399829426858
uacqr,sulfur,777,0.9,0.9211700545364403,0.08688462245516779,0.10186415371567226,0.0029065789358315645,0.11626315743326254,0.0985499277402628
uacqr,sulfur,779,0.9,0.909766980664353,0.08924677542361847,0.11290086051099887,0.003138325519959875,0.12553302079839496,0.11070829700674129
uacqr,sulfur,780,0.9,0.9152206246901339,0.08929321850048831,0.08986873789798702,0.003404594770226155,0.1361837908090462,0.08676022165806416
uacqr,sulfur,781,0.9,0.895884977689638,0.08018197208605098,0.09279773078909807,0.003053916469541992,0.12215665878167964,0.09377115750336705
uacqr,sulfur,782,0.9,0.8953891918691126,0.08586050571304,0.09936971974228373,0.0032577851629099555,0.13031140651639822,0.10090677861865192
uacqr,powerplant,777,0.9,0.9153605015673981,12.32265063438296,0.17578674228791663,0.37516334135081464,15.006533654032578,0.16699846677538915
uacqr,powerplant,780,0.9,0.9111807732497388,12.207143976895164,0.1751383640874486,0.39663776409663387,15.865510563865351,0.16907915156892375
uacqr,powerplant,778,0.9,0.9132706374085684,11.738101110189312,0.15547153788330215,0.380003407477336,15.200136299093437,0.1487984460172448
uacqr,powerplant,779,0.9,0.906478578892372,11.805329580914886,0.1563619812041707,0.38085840956669004,15.234336382667598,0.15429208491143376
uacqr,sulfur,783,0.9,0.9043133366385722,0.08771021313753845,0.09250892880124546,0.0028898511907024856,0.11559404762809938,0.09210460378022219
uacqr,sulfur,784,0.9,0.9058006941001487,0.0872284252272506,0.09179591454738484,0.003080206891334747,0.12320827565338985,0.09107941855838088
uacqr,sulfur,785,0.9,0.8993554784333168,0.08838110137730837,0.10253515698230237,0.003252210255041612,0.13008841020166448,0.10272328249867839
uacqr,sulfur,786,0.9,0.8889439762022806,0.08734368246088398,0.10292267627844745,0.003038638468734417,0.12154553874937662,0.10534311116176008
uacqr,powerplant,781,0.9,0.8996865203761756,11.524730431248775,0.16335549867113783,0.4128943386097812,16.515773544391244,0.16363188386935273
uacqr,powerplant,782,0.9,0.9085684430512017,12.132945476280858,0.16188052670154582,0.39123765202027005,15.649506080810799,0.15736103237864915
uacqr,debutanizer,777,0.9,0.8851774530271399,0.2482166501981671,0.25008111242618264,0.009366142906517405,0.37464571626069615,0.2566564667995596
uacqr,debutanizer,778,0.9,0.8747390396659708,0.25593205251719314,0.28073240208963485,0.008722590208093326,0.34890360832373296,0.2915795256185928
uacqr,debutanizer,779,0.9,0.8997912317327766,0.27778611279681853,0.27932501766941586,0.008578709970465382,0.34314839881861525,0.2793331907968812
uacqr,debutanizer,781,0.9,0.906054279749478,0.2759735677610025,0.27598517017755675,0.009306934936927521,0.3722773974771008,0.2742413173807356
uacqr,debutanizer,780,0.9,0.9144050104384134,0.25689434932203603,0.259964246309566,0.008063324698840406,0.3225329879536162,0.2527255279016195
uacqr,debutanizer,782,0.9,0.9102296450939458,0.28828900618894737,0.2916914705159275,0.009492617516658574,0.3797047006663429,0.28658055367464913
uacqr,debutanizer,783,0.9,0.8872651356993737,0.27848690113423114,0.2826692499157521,0.009491272028351386,0.37965088113405526,0.28704810871073994
uacqr,debutanizer,784,0.9,0.9206680584551148,0.26130813029876643,0.26339112476814913,0.008500236745696922,0.34000946982787683,0.2595035806861327
uacqr,debutanizer,785,0.9,0.8768267223382046,0.26074010793106056,0.26269172090627235,0.008145085497942812,0.3258034199177124,0.2691323112730446
uacqr,powerplant,783,0.9,0.8970741901776385,12.139354582241461,0.17317196265679682,0.3794577818803778,15.178311275215107,0.17409183549161658
uacqr,debutanizer,786,0.9,0.860125260960334,0.25412254147537805,0.25413120480814994,0.009335906958054242,0.37343627832216963,0.26681994453498137
uacqr,powerplant,784,0.9,0.9028213166144201,12.378550626142895,0.1762322127867724,0.4018277592992834,16.07311037197133,0.17513108508364356
uacqr,powerplant,785,0.9,0.8986415882967607,11.720566593118347,0.16693585804185074,0.4014571178121378,16.05828471248551,0.16853983142093443
uacqr,powerplant,786,0.9,0.8934169278996865,11.970064982351465,0.1603706455298964,0.3988045168471064,15.95218067388425,0.16172312776059136
uacqr,insurance,777,0.9,0.8917910447761194,13138.07190715733,0.2230590465974589,615.7777946773884,24631.11178709553,0.2268544995779892
uacqr,insurance,778,0.9,0.8843283582089553,8773.580387400158,0.14007689720918556,620.3492019322639,24813.968077290552,0.14706597207494043
uacqr,insurance,779,0.9,0.9104477611940298,12833.867851143452,0.20490098031175935,570.2125568936751,22808.502275747,0.2005956143369564
uacqr,insurance,780,0.9,0.917910447761194,12141.551914044281,0.2554118097776848,514.1026937314709,20564.107749258834,0.24264475517956252
uacqr,insurance,781,0.9,0.9029850746268657,11316.708746155697,0.18418079939000434,614.1727506073091,24566.910024292356,0.18396244765472014
uacqr,insurance,782,0.9,0.9216417910447762,10901.103101132521,0.17403082389908797,540.9430680349597,21637.722721398382,0.1666293638182972
uacqr,insurance,784,0.9,0.9029850746268657,11741.598523040317,0.2048114657444477,576.4959251194288,23059.837004777142,0.20457137212218354
uacqr,insurance,783,0.9,0.8992537313432836,11850.054308990933,0.2194476389941439,586.0780429980653,23443.121719922605,0.21992158723539842
uacqr,insurance,785,0.9,0.9365671641791045,12174.06555449073,0.25614123992262716,528.0693374452326,21122.773497809296,0.23338757234172156
uacqr,insurance,786,0.9,0.9216417910447762,12226.992665760552,0.2128852065190538,555.6478114272755,22225.91245709101,0.20558520892403812
uacqr,concrete,778,0.9,0.912621359223301,23.06008399574502,0.31820179378701563,0.6800166258997133,27.200665035988518,0.3133486496617753
uacqr,concrete,777,0.9,0.8786407766990292,23.071936297185214,0.3067668700596359,0.7782946239628841,31.131784958515357,0.31486825782577016
uacqr,concrete,779,0.9,0.9029126213592233,23.93753307074019,0.3271495567956839,0.748990502114435,29.959620084577395,0.32662880409187417
uacqr,concrete,780,0.9,0.8932038834951457,25.51524862965334,0.32855071632311794,0.8017040248403273,32.068160993613084,0.33600239473243454
uacqr,concrete,781,0.9,0.8932038834951457,22.874190453186777,0.3069537097851151,0.7662236220744052,30.6489448829762,0.3207299121148842
uacqr,concrete,782,0.9,0.941747572815534,24.798505445128505,0.3278924427492861,0.707547526290116,28.30190105160463,0.27258401383679015
uacqr,concrete,783,0.9,0.9174757281553398,24.399528447864125,0.3310206002966236,0.7910755134323271,31.643020537293072,0.3155096429826567
uacqr,concrete,784,0.9,0.912621359223301,22.970784205834843,0.30676795146681146,0.6701167989471586,26.804671957886335,0.2863335484948376
uacqr,concrete,785,0.9,0.9029126213592233,25.14183257042783,0.34426718568297726,0.8611841331465733,34.447365325862926,0.34426718568297726
uacqr,concrete,786,0.9,0.9271844660194175,24.376062312172454,0.34035272706188846,0.7430325963774933,29.721303855099727,0.3361507766353571
uacqr,energy_efficiency,778,0.9,0.9155844155844156,4.636853942623386,0.12837358645136726,0.12028661836277355,4.811464734510941,0.12528268950692728
uacqr,energy_efficiency,777,0.9,0.9025974025974026,5.481934751783099,0.1517280584495737,0.15425781321215942,6.170312528486375,0.15172802213461878
uacqr,energy_efficiency,779,0.9,0.8701298701298701,4.791987022796235,0.12968841739637982,0.13131426309610345,5.2525705238441365,0.13105859048162646
uacqr,energy_efficiency,781,0.9,0.9025974025974026,4.517227915974407,0.122252446981716,0.1327521121037471,5.310084484149883,0.12225235688849513
uacqr,energy_efficiency,780,0.9,0.9090909090909091,4.472665675274738,0.12058953020422586,0.13592702958490943,5.437081183396376,0.11950986602736455
uacqr,energy_efficiency,782,0.9,0.9155844155844156,4.4388244244959445,0.12218068881078846,0.11993165712851983,4.797266285140793,0.12218058142751516
uacqr,energy_efficiency,785,0.9,0.8766233766233766,4.520626291052087,0.12321140068280421,0.1501747693643942,6.006990774575766,0.12321137756936283
uacqr,energy_efficiency,784,0.9,0.922077922077922,5.014775709672407,0.13593862048447838,0.13775575674973528,5.51023026998941,0.13371149153004347
uacqr,energy_efficiency,783,0.9,0.8896103896103896,4.519964218139648,0.12186476727257071,0.142625718302541,5.705028732101638,0.12215385246060095
uacqr,energy_efficiency,786,0.9,0.8896103896103896,4.2179935752571405,0.12347756367848774,0.12403425204289427,4.96137008171577,0.12373625056586304
uacqr,airfoil,777,0.9,0.8770764119601329,10.1171551321036,0.30023904597155837,0.313480071793363,12.539202871734515,0.31195751227478263
uacqr,airfoil,778,0.9,0.9401993355481728,11.826488913095671,0.37398377488206924,0.3508058132032225,14.032232528128898,0.32593850913962924
uacqr,airfoil,779,0.9,0.9136212624584718,10.2518421059035,0.28945288005826125,0.2885872521891547,11.543490087566186,0.27561566261561665
uacqr,airfoil,780,0.9,0.9069767441860465,12.062018258231026,0.33058399589527854,0.37116166646456816,14.846466658582724,0.3223292089789921
uacqr,airfoil,781,0.9,0.8704318936877077,10.368142745819599,0.28462014784834744,0.35923182548953847,14.369273019581536,0.31726250790858485
uacqr,airfoil,782,0.9,0.9003322259136213,10.71057668793637,0.31899501691495036,0.35493913763306084,14.197565505322428,0.31760530314595997
uacqr,airfoil,783,0.9,0.920265780730897,12.158589816172654,0.34097789601695716,0.3568758222510252,14.275032890041006,0.31820323536925504
uacqr,airfoil,784,0.9,0.8970099667774086,9.931874981750285,0.2694705207084213,0.32009555636687936,12.803822254675172,0.2734605676927803
uacqr,airfoil,785,0.9,0.9335548172757475,10.946016356002453,0.32256781858909817,0.3133487988088615,12.533951952354457,0.2785308103959611
uacqr,airfoil,786,0.9,0.9136212624584718,10.608771213265353,0.3022786418185933,0.33453357823267327,13.381343129306929,0.28968622858012993
clear,miami_housing,777,0.9,0.8945102260495156,175075.15479298588,0.0681942721119409,6551.509361409459,262060.37445637834,0.06955704278834843
clear,miami_housing,778,0.9,0.9034804449228561,186107.05435670668,0.07370284517710454,6381.815466888411,255272.6186755364,0.07311394748900565
clear,miami_housing,781,0.9,0.9149623250807319,182747.5434461814,0.07088733260131164,6172.028473057559,246881.1389223023,0.06569280986268748
clear,miami_housing,782,0.9,0.8858988159311088,174739.03716901733,0.06778085227657771,6370.264505663901,254810.58022655602,0.07070162673881399
clear,miami_housing,784,0.9,0.9027628274129889,169153.97285160515,0.06561441925973822,6248.965219089014,249958.60876356045,0.06536002909080435
clear,miami_housing,783,0.9,0.8927161822748475,177618.93821888202,0.06897822843451729,6265.906201380032,250636.24805520126,0.07100182600112324
clear,miami_housing,779,0.9,0.8873340509508432,170160.93638321548,0.06600501799193774,6489.407772635861,259576.31090543442,0.06839022639091316
clear,miami_housing,780,0.9,0.912091855041263,182655.39356106322,0.07085158788249155,6156.665542030338,246266.62168121347,0.06793390771093402
clear,naval_propulsion,778,0.9,0.9111855886049435,0.0024420579180729827,0.0013883217271591715,7.23625380892871e-05,0.0028945015235714825,0.001341209357156341
clear,naval_propulsion,780,0.9,0.8889819857561793,0.0023746088467582987,0.0013499766041832285,7.263290327290286e-05,0.002905316130916114,0.0013886875354177045
clear,naval_propulsion,777,0.9,0.9002932551319648,0.0024179877605862484,0.0013769861962336268,7.26554160640707e-05,0.0029062166425628273,0.0013764069528916058
clear,naval_propulsion,779,0.9,0.8914956011730205,0.0023309588421059494,0.001326669801995418,7.16601760728733e-05,0.0028664070429149312,0.0013719600352355215
clear,naval_propulsion,781,0.9,0.9103477167993297,0.0023976383547176234,0.0013615209282893943,6.927157097370699e-05,0.002770862838948279,0.0013299015362431784
clear,naval_propulsion,782,0.9,0.9019689987431923,0.0023793671695305995,0.0013534511772073945,7.235319585298462e-05,0.0028941278341193836,0.001342602434697273
clear,miami_housing,785,0.9,0.9009687836383208,176648.73615211525,0.06852161991936201,6485.853048944255,259434.1219577701,0.06838713056326104
clear,miami_housing,786,0.9,0.9117330462863293,199489.24300806693,0.07747155068274444,6738.729896031455,269549.1958412581,0.07440994811402282
clear,computer,777,0.9,0.9097010372178157,6.441174106761669,0.06506236471476433,0.21317867733204637,8.527147093281853,0.06275238428139147
clear,naval_propulsion,783,0.9,0.8990364474235442,0.002421696915983961,0.0013751828029437598,7.3594728789843e-05,0.0029437891515937185,0.0013783944225588696
clear,naval_propulsion,784,0.9,0.8927524088814411,0.002378317989904234,0.001352085269985352,7.177553659227983e-05,0.0028710214636911923,0.0013671142013076433
clear,computer,779,0.9,0.9212934716290421,6.946187904561467,0.07016351418748956,0.2187647922693519,8.750591690774074,0.06505698215747455
clear,naval_propulsion,785,0.9,0.9023879346459992,0.0023339121135216917,0.0013283506622206555,7.119097544922451e-05,0.00284763901796898,0.001317009809823898
clear,computer,780,0.9,0.9048200122025626,6.495591909683452,0.06561203949175204,0.2149339860232295,8.597359440929178,0.06479967411873273
clear,naval_propulsion,786,0.9,0.8977796397151235,0.0024165542727851512,0.0013699287260686799,7.162705901537293e-05,0.002865082360614917,0.001377497732311516
clear,computer,778,0.9,0.8920073215375229,7.48083526970074,0.0755639926232398,0.26203050514443604,10.481220205777442,0.07735923121777045
clear,computer,781,0.9,0.8865161683953631,6.2145412268901135,0.06277314370596074,0.2642367258998917,10.569469035995668,0.06559982839810505
clear,parkinsons,777,0.9,0.8782978723404256,9.554359598567705,0.1990823386932761,0.3356177189213133,13.424708756852532,0.2091371331483642
clear,computer,782,0.9,0.8901769371568029,6.026511353226112,0.06087385205278901,0.22565241977621342,9.026096791048536,0.06391425890789494
clear,parkinsons,778,0.9,0.9191489361702128,9.853661899183678,0.20531884270677775,0.3230826343193567,12.923305372774264,0.19328942821842707
clear,computer,784,0.9,0.900549115314216,6.394350501178788,0.06458939900180594,0.22071561802172665,8.828624720869064,0.06454743323909183
clear,computer,786,0.9,0.8981086028065893,6.405587200981778,0.06470290102001795,0.23379794202580068,9.351917681032027,0.06502068074524857
clear,computer,783,0.9,0.9054301403294692,6.420913885438202,0.06485771601452729,0.20600491489124675,8.240196595649868,0.063701135226897
clear,computer,785,0.9,0.896888346552776,7.030913015303184,0.07101932338690084,0.23698996711742526,9.479598684697008,0.07150762208805748
clear,parkinsons,779,0.9,0.8927659574468085,9.609471796254635,0.20041444473710343,0.319686714510049,12.787468580401956,0.2051630465404311
clear,parkinsons,780,0.9,0.92,10.17639286246771,0.212043525222281,0.3271721046151385,13.086884184605537,0.19972547475374033
clear,parkinsons,781,0.9,0.8868085106382979,9.574589077532742,0.19950385642466958,0.3247742551733617,12.990970206934465,0.20653312386013997
clear,parkinsons,783,0.9,0.9004255319148936,9.89115403117452,0.2061000589926346,0.3145861565391219,12.583446261564875,0.20515114552719801
clear,parkinsons,782,0.9,0.9004255319148936,9.374666501091994,0.1953381084574928,0.3042240303112633,12.16896121245053,0.19402660339074887
clear,parkinsons,785,0.9,0.8791489361702127,9.79497971572883,0.2040960934265884,0.3499497538062097,13.997990152248383,0.21823870146567004
clear,parkinsons,784,0.9,0.9157446808510639,10.028058779653584,0.20895271669556562,0.3189815361520669,12.759261446082672,0.19495793169834957
clear,parkinsons,786,0.9,0.8970212765957447,9.651845391353826,0.20111363125841444,0.32342578528302235,12.937031411320895,0.20458887964278535
clear,kin8nm,777,0.9,0.8913971934106162,0.36985024864915916,0.2732882977298496,0.011680531568807042,0.46722126275228165,0.27880377152218816
clear,kin8nm,778,0.9,0.8859060402684564,0.36117201424500844,0.25656707677373114,0.01213516712296277,0.48540668491851074,0.2665196314941043
clear,kin8nm,779,0.9,0.8974984746796827,0.3583718540621272,0.25266720811785975,0.011597835778538628,0.46391343114154504,0.25418384818929035
clear,kin8nm,782,0.9,0.9054301403294692,0.365713004484423,0.26389549350688063,0.011629771875329578,0.4651908750131831,0.257189519466311
clear,kin8nm,781,0.9,0.9121415497254424,0.36996858989528075,0.26524817984960003,0.011581116219347817,0.4632446487739126,0.25589190199901984
clear,kin8nm,780,0.9,0.9023794996949359,0.36047607339042764,0.2654773851791341,0.011466870956576463,0.4586748382630584,0.2640597509123601
clear,kin8nm,783,0.9,0.8944478340451495,0.36628759790017884,0.2660099385623391,0.012390467130058421,0.4956186852023368,0.271554633852182
clear,sulfur,778,0.9,0.8983639067922657,0.07829657980134562,0.09904841035075247,0.002798486232219697,0.11193944928878784,0.09988486737040762
clear,sulfur,777,0.9,0.9132374814080317,0.0805009801349394,0.09437992573379722,0.0027708375378504013,0.11083350151401603,0.08835907587461977
clear,sulfur,779,0.9,0.9231531978185424,0.07827599087344918,0.09902236450578526,0.0026362009447110073,0.10544803778844027,0.09050428649417845
clear,sulfur,780,0.9,0.917203767972236,0.07976024539897636,0.08027432215807669,0.0030829747074091617,0.12331898829636645,0.07508447288058293
clear,sulfur,781,0.9,0.8889439762022806,0.07547659076015743,0.08735200903668583,0.002885761373745012,0.11543045494980046,0.0910899290417326
clear,sulfur,782,0.9,0.8993554784333168,0.07561339561916465,0.087510338648025,0.003004143816549919,0.12016575266199676,0.08784243181375337
clear,sulfur,783,0.9,0.9038175508180466,0.07580134355975468,0.07994851276227202,0.002703285665660169,0.10813142662640673,0.07928794034673821
clear,sulfur,784,0.9,0.8983639067922657,0.08102289057642685,0.0852654432354954,0.0028460198383460956,0.1138407935338438,0.08556921140997248
clear,sulfur,785,0.9,0.8894397620228062,0.0777525825596259,0.09020450225547375,0.002936707957494516,0.11746831829978062,0.09252390673706243
clear,sulfur,786,0.9,0.8730788299454636,0.0736373846901408,0.08677166445150772,0.0028340725442025953,0.1133629017681038,0.09283388575547341
clear,powerplant,777,0.9,0.9070010449320794,9.28304141321469,0.13242569776340496,0.301987729312145,12.0795091724858,0.12881506205775817
clear,powerplant,778,0.9,0.9268547544409613,9.59624131146132,0.12710253392664,0.324035900842902,12.961436033716078,0.11677496239455819
clear,powerplant,779,0.9,0.8986415882967607,9.14268576867975,0.12109517574410264,0.3195865817994764,12.78346327197905,0.12135526272249467
clear,powerplant,780,0.9,0.9075235109717869,9.377596677786723,0.13454227658230594,0.31611720948395194,12.644688379358074,0.13141825705045596
clear,powerplant,781,0.9,0.8986415882967607,9.060285761442149,0.12842361107643016,0.3519330231386876,14.077320925547502,0.12961963265365165
clear,kin8nm,784,0.9,0.9103111653447223,0.3712521850681407,0.2720664550119657,0.011418003222599102,0.45672012890396396,0.26413326867647685
clear,debutanizer,777,0.9,0.8747390396659708,0.20844373099708782,0.21000944168893879,0.0075435420498826886,0.3017416819953075,0.22128500192536857
clear,powerplant,782,0.9,0.8955067920585162,9.458794561244256,0.12620139507997674,0.3242092910645736,12.968371642582941,0.12740792072038923
clear,kin8nm,785,0.9,0.924954240390482,0.3751440180064719,0.2695121495014736,0.011316560579665194,0.45266242318660765,0.24313541165360542
clear,powerplant,783,0.9,0.8986415882967607,8.992620906416793,0.12828275187470456,0.2931205820320491,11.72482328128196,0.12873161513639114
clear,kin8nm,786,0.9,0.9280048810250152,0.3811138282826757,0.2707332157086787,0.011186576031713514,0.44746304126854036,0.2510949322046292
clear,debutanizer,778,0.9,0.8914405010438413,0.19992237018486558,0.21929526474484914,0.006868299375274801,0.27473197501099195,0.2296845145560764
clear,powerplant,784,0.9,0.9111807732497388,9.526567262439515,0.13562880498917304,0.3182690926474932,12.730763705899726,0.1309741557063968
clear,powerplant,785,0.9,0.8949843260188087,9.183567970242223,0.13080142387469332,0.344454504473176,13.778180178927036,0.13240524512586432
clear,debutanizer,779,0.9,0.8997912317327766,0.19628758728821064,0.1973749991874842,0.006800201971744349,0.27200807886977385,0.19755319218518233
clear,powerplant,786,0.9,0.8824451410658307,9.018129758460358,0.12082167414871864,0.32772169159598386,13.108867663839352,0.12810736242232776
clear,debutanizer,780,0.9,0.918580375782881,0.2035539376355496,0.2059864147281613,0.006476468646249735,0.25905874584998934,0.19508020151579297
clear,debutanizer,781,0.9,0.8893528183716075,0.20397731536067612,0.2039858909275307,0.007144713813719757,0.28578855254879026,0.21722317594348128
clear,debutanizer,782,0.9,0.9164926931106472,0.21516969510265896,0.2177091856698232,0.007544817564668727,0.301792702586749,0.20301891884011883
clear,insurance,778,0.9,0.9067164179104478,13783.569572936181,0.22006519265687996,562.3541982438234,22494.167929752926,0.21723355512117784
clear,debutanizer,783,0.9,0.872651356993737,0.1920773240516506,0.1949619637202791,0.007507682509456759,0.3003073003782703,0.2142680260836058
clear,insurance,777,0.9,0.8731343283582089,7693.161873398652,0.1306150068995565,680.1307802830243,27205.23121132097,0.17331066827472588
clear,debutanizer,784,0.9,0.9164926931106472,0.18816006041349848,0.18965996156373024,0.00647425205241833,0.2589700820967331,0.17955225325861882
clear,debutanizer,785,0.9,0.9018789144050104,0.1942789519144556,0.1957331099508826,0.00658184845021377,0.26327393800855076,0.1931747791454678
clear,insurance,779,0.9,0.8880597014925373,17458.517624853608,0.27873649764937475,564.9605691613403,22598.4227664536,0.2829058994811304
clear,debutanizer,786,0.9,0.8914405010438413,0.20661358940564617,0.20662063310302864,0.006775332428790949,0.2710132971516379,0.2130970996911279
clear,insurance,780,0.9,0.9216417910447762,8380.58787483844,0.17629551240788782,549.7215774898706,21988.86309959482,0.16233149682651896
clear,insurance,782,0.9,0.914179104477612,15964.525497768578,0.2548659066664567,594.5604359846684,23782.41743938673,0.2377612317088449
clear,insurance,781,0.9,0.8992537313432836,7300.4855037852885,0.11881628185218417,659.5314310447203,26381.257241788808,0.12094135797122908
clear,insurance,783,0.9,0.8917910447761194,12944.294542450045,0.2397115491386579,588.4172245957507,23536.688983830027,0.25448806441563154
clear,insurance,785,0.9,0.8656716417910447,12760.775286987948,0.26848555971323934,558.4304740534645,22337.21896213858,0.2783352031432152
clear,insurance,786,0.9,0.9029850746268657,16148.185854090087,0.28115743375578417,614.9783489136353,24599.133956545407,0.27942034699080476
clear,insurance,784,0.9,0.8731343283582089,7755.126292933229,0.1352744926486962,553.7807276370063,22151.22910548025,0.14283080172971352
clear,concrete,777,0.9,0.8980582524271845,12.578679381117396,0.16724743227120592,0.4819267977599967,19.277071910399865,0.16770824089146535
clear,concrete,778,0.9,0.8592233009708737,12.979158021775559,0.17909697836036373,0.479632158381998,19.18528633527992,0.21760268679069072
clear,concrete,779,0.9,0.9320388349514563,16.923772732420066,0.2312938736151437,0.5677959464309782,22.71183785723912,0.1950829130074815
clear,concrete,781,0.9,0.9077669902912622,14.326465350902602,0.19224993761275636,0.5411476516064873,21.64590606425949,0.18863030754824212
clear,concrete,780,0.9,0.8883495145631068,17.210319673155688,0.22161112120983376,0.5924035032712811,23.69614013085124,0.22995327692370635
clear,concrete,782,0.9,0.9466019417475728,16.522477937261048,0.2184646031635733,0.4949268585174875,19.797074340699492,0.19028632148162503
clear,concrete,783,0.9,0.9174757281553398,17.008328278346834,0.23074655105612313,0.5483279873786614,21.93311949514645,0.21679685237960483
clear,concrete,784,0.9,0.9223300970873787,16.01696817791371,0.21390181861530064,0.47043290533968424,18.817316213587365,0.18804931630170169
clear,concrete,785,0.9,0.8737864077669902,14.055122559463713,0.19245683362267169,0.5565682755909716,22.26273102363886,0.20668244112826012
clear,energy_efficiency,777,0.9,0.9025974025974026,1.4632922679277047,0.04050075471706904,0.05321800175960334,2.1287200703841327,0.04048719489602577
clear,energy_efficiency,778,0.9,0.8506493506493507,1.1633498143481829,0.03220791291107926,0.04455738059492368,1.782295223796947,0.03600748211854425
clear,energy_efficiency,779,0.9,0.8701298701298701,1.198460019077328,0.032434641923608336,0.04630714108779412,1.8522856435117647,0.03540092910212201
clear,concrete,786,0.9,0.9077669902912622,14.843841200498584,0.20725832449732734,0.5774356275654995,23.097425102619976,0.19685885530870637
clear,energy_efficiency,780,0.9,0.8701298701298701,1.0827702155996648,0.029193049760034097,0.05430467043876521,2.172186817550608,0.03342388453070699
clear,energy_efficiency,781,0.9,0.8831168831168831,1.1509904498306123,0.031149944515036866,0.04392459265044575,1.7569837060178297,0.03443160042513544
clear,energy_efficiency,782,0.9,0.8701298701298701,1.0888430519692065,0.029970907018144963,0.041221632697031454,1.6488653078812578,0.03183234078108236
clear,energy_efficiency,783,0.9,0.9155844155844156,1.1871112305448461,0.032006234309648045,0.0375909389554979,1.5036375582199155,0.030108951011749523
clear,energy_efficiency,784,0.9,0.8961038961038961,1.0267851136485868,0.027833697848972265,0.0441894482981028,1.7675779319241125,0.028041603097286982
clear,energy_efficiency,786,0.9,0.9025974025974026,1.1901949983880473,0.034841773957495534,0.047778458211220315,1.9111383284488128,0.0334714694562893
clear,energy_efficiency,785,0.9,0.8571428571428571,1.1004047502480314,0.029991952854947705,0.05415567754787981,2.166227101915192,0.03576273171091171
clear,airfoil,777,0.9,0.893687707641196,5.402604800500619,0.16032895511471706,0.19017552893087056,7.607021157234822,0.16457786289252077
clear,airfoil,778,0.9,0.9335548172757475,5.784407013470337,0.18291771854252722,0.19817266436222458,7.92690657448898,0.14691661991216412
clear,airfoil,779,0.9,0.8970099667774086,4.642443899768905,0.1310758343150066,0.16467348485427996,6.586939394171196,0.13130364312786344
clear,airfoil,780,0.9,0.9003322259136213,5.850495711190085,0.16034466278921494,0.20395147159292754,8.158058863717098,0.1588147045188226
clear,airfoil,781,0.9,0.893687707641196,4.977029995717918,0.13662649598435045,0.16526956496393097,6.610782598557237,0.1420749235113176
clear,airfoil,782,0.9,0.893687707641196,5.519448138353798,0.164386708909751,0.20428191640500704,8.171276656200279,0.16536182574526798
clear,airfoil,784,0.9,0.9036544850498339,5.173434266463123,0.14036503965225394,0.1884149674005749,7.536598696022994,0.13609824118087074
clear,airfoil,783,0.9,0.8837209302325582,5.722332843839737,0.1604782333232301,0.1905238179830202,7.620952719320808,0.16707796933978236
clear,airfoil,785,0.9,0.8637873754152824,4.887310590998984,0.14402400515703975,0.19970290408017793,7.988116163207115,0.16167915143296926
clear,airfoil,786,0.9,0.9302325581395349,5.7231196184037145,0.16307042450432283,0.1785111552016495,7.140446208065979,0.13871288072286891
pcs,naval_propulsion,780,0.9,0.902806870548806,0.002554176134280175,0.001452061474860816,7.365004925247138e-05,0.0029460019700988547,0.0014427954003468678
pcs,naval_propulsion,784,0.9,0.8973607038123167,0.0025115258194080524,0.0014278145647572784,7.352009574775033e-05,0.0029408038299100123,0.0014395632729940655
pcs,naval_propulsion,785,0.9,0.9078341013824884,0.002498327109348502,0.0014219277799365406,7.172739138626412e-05,0.002869095655450564,0.0014007468607771085
pcs,naval_propulsion,786,0.9,0.9044826141600335,0.0025664975320274035,0.00145493057371168,7.343340851825522e-05,0.0029373363407302075,0.0014278917771792846
pcs,naval_propulsion,782,0.9,0.9082530372852954,0.002526399858991465,0.0014370875193353044,7.304796420547048e-05,0.0029219185682188187,0.001410832420201418
pcs,naval_propulsion,783,0.9,0.8969417679095099,0.0025662493284007485,0.0014572682160140535,7.477366113018103e-05,0.002990946445207241,0.001473718261991574
pcs,naval_propulsion,777,0.9,0.9032258064516129,0.0025400461841419706,0.0014464955490557918,7.251668388782734e-05,0.002900667355513093,0.0014350358326237597
pcs,naval_propulsion,779,0.9,0.8990364474235442,0.002522795998315592,0.0014358542961386408,7.358367378703505e-05,0.002943346951481401,0.0014426063028665655
pcs,naval_propulsion,778,0.9,0.9111855886049435,0.002512177136585475,0.0014281848417199972,7.186004162617985e-05,0.002874401665047193,0.0013848706448960268
pcs,naval_propulsion,781,0.9,0.9099287808965228,0.0025291612011121975,0.0014362073828007936,7.174462172094295e-05,0.002869784868837717,0.0013873681804297457
pcs,parkinsons,777,0.9,0.8953191489361703,9.730293340480074,0.2027482359659959,0.32044391150454266,12.817756460181704,0.20701345101928206
pcs,miami_housing,782,0.9,0.8984571223537854,183731.03775621188,0.07126882767890298,6062.397930472396,242495.91721889577,0.07197298958483449
pcs,parkinsons,778,0.9,0.9131914893617021,9.640780112083922,0.20088306617944496,0.31158481833113005,12.4633927332452,0.1937731682526672
pcs,parkinsons,786,0.9,0.9012765957446809,9.57411028273562,0.19949387987030384,0.31465182664587155,12.586073065834858,0.19780493024624002
pcs,miami_housing,779,0.9,0.9052744886975242,185266.90300670525,0.07186458611586705,6139.600611586721,245584.02446346878,0.0704021956979469
pcs,miami_housing,785,0.9,0.8984571223537854,180598.2402266662,0.0700536230514609,6225.660790157149,249026.43160628589,0.07057711676157125
pcs,miami_housing,784,0.9,0.9052744886975242,180970.23410028705,0.07019791858040615,5993.196234189992,239727.84936759956,0.06945356859791392
pcs,parkinsons,780,0.9,0.9097872340425532,9.649594528522897,0.20106673046597137,0.3039357355995991,12.15742942398396,0.1954346830513885
pcs,parkinsons,782,0.9,0.9148936170212766,9.644212366469363,0.2009545833986782,0.2944484960120993,11.77793984048397,0.19246505023695062
pcs,miami_housing,778,0.9,0.9006099748833871,188730.9568168057,0.07474197331464326,5983.3381275649235,239333.52510259688,0.07463897947050745
pcs,parkinsons,781,0.9,0.9046808510638298,9.742734777978127,0.2030074757871755,0.3130296180696691,12.521184722786762,0.19811679789146375
pcs,miami_housing,786,0.9,0.9163975601004665,197612.61471928822,0.07674276299778184,6095.162236534862,243806.48946139443,0.07211055549788668
pcs,parkinsons,783,0.9,0.9004255319148936,9.52491878671849,0.19846888620433595,0.3003066033278121,12.012264133112483,0.19839276005595297
pcs,miami_housing,777,0.9,0.9041980624327234,185789.58680648994,0.07236769633719858,6124.436360431806,244977.45441727215,0.07128520841476407
pcs,miami_housing,780,0.9,0.9020452099031216,184557.62010282112,0.07158945698325102,5938.36323114292,237534.52924571672,0.07124585160833809
pcs,miami_housing,781,0.9,0.9081449587369932,175144.5647509643,0.06793815545033526,5787.974118886237,231518.96475544941,0.06630261805871543
pcs,parkinsons,785,0.9,0.8953191489361703,9.749094902606721,0.20314000047105188,0.333350033229828,13.334001329193116,0.20515274359690333
pcs,miami_housing,783,0.9,0.901686401148188,180848.35034731566,0.07023236906691871,6029.474812571482,241178.99250285927,0.06946988453610406
pcs,parkinsons,779,0.9,0.894468085106383,9.600005564182363,0.20021701768962966,0.3025075809250691,12.100303237002759,0.2022469531285267
pcs,parkinsons,784,0.9,0.9063829787234042,9.573640312844134,0.19948408719878594,0.30807394978121505,12.322957991248597,0.19489296053584718
pcs,computer,779,0.9,0.9078706528370958,6.608721950746586,0.06675476717925845,0.2066070800305068,8.26428320122027,0.06390945694749617
pcs,computer,780,0.9,0.9042098840756558,6.501824692300793,0.0656749968919272,0.21258425234730033,8.503370093892013,0.06472150521565004
pcs,computer,781,0.9,0.9011592434411226,6.365995422196577,0.06430298406259169,0.2570832841339237,10.283331365356945,0.0641254392453375
pcs,computer,783,0.9,0.9097010372178157,6.4882778709003155,0.0655381603121244,0.20348403563835482,8.13936142553419,0.06346254407958098
pcs,computer,786,0.9,0.900549115314216,6.435244292075348,0.06500246759672068,0.22410411113387865,8.964164445355143,0.06492068780360236
pcs,computer,782,0.9,0.9017693715680293,6.388824860376145,0.06453358444824389,0.21986633302999609,8.794653321199842,0.06435913225802228
pcs,computer,777,0.9,0.8932275777913362,6.410246948376889,0.06474996917552413,0.2117312598866687,8.469250395466744,0.06618416905298559
pcs,computer,784,0.9,0.8907870652837095,6.322335698569672,0.06386197675322901,0.21895975734290737,8.758390293716293,0.06523825151520161
pcs,powerplant,777,0.9,0.9122257053291536,9.469490920239233,0.135085462485581,0.293706731447481,11.748269257899237,0.12760555626591005
pcs,sulfur,780,0.9,0.9147248388696083,0.08646661887221485,0.0870239200562551,0.0030314901383629994,0.12125960553451998,0.0820388804152537
pcs,sulfur,777,0.9,0.9162121963311849,0.08703128779542493,0.10203610521114459,0.002783381926749026,0.11133527706996102,0.09507447520398754
pcs,sulfur,781,0.9,0.9062964799206743,0.08250593128542559,0.09548733961933449,0.002882387311174698,0.11529549244698789,0.09303667812437837
pcs,sulfur,779,0.9,0.9092711948438275,0.08386623407365458,0.1060942532633697,0.002597951272819183,0.1039180509127673,0.10286559019960635
pcs,sulfur,778,0.9,0.9053049082796232,0.08564657317617623,0.10834645583003946,0.002727648308730689,0.10910593234922754,0.10672081016231826
pcs,powerplant,778,0.9,0.9153605015673981,9.253171229188096,0.12255855932699465,0.3124221059546076,12.496884238184302,0.11620262269673542
pcs,sulfur,782,0.9,0.9062964799206743,0.0818950755611232,0.09478037240987303,0.002894834395683191,0.1157933758273276,0.09365521191275379
pcs,sulfur,783,0.9,0.9067922657411998,0.08545076602725446,0.09012586502362496,0.0026229558843159275,0.10491823537263706,0.08913335248765089
pcs,sulfur,785,0.9,0.8934060485870104,0.08768205875673978,0.10172416409218973,0.0028521645048490457,0.11408658019396178,0.10532002792957415
pcs,sulfur,786,0.9,0.8968765493306892,0.08667271702384588,0.10213203456831317,0.0027260460187541235,0.1090418407501649,0.10314320692679177
pcs,sulfur,784,0.9,0.8983639067922657,0.08678420906425645,0.09132843816187697,0.0028642120886456283,0.1145684835458251,0.09212621546928344
pcs,powerplant,779,0.9,0.910135841170324,9.453960725630838,0.1252180228560376,0.3097665178065764,12.390660712263053,0.12077833556135013
pcs,insurance,778,0.9,0.8880597014925373,12883.752122716798,0.20569892131543027,611.4366348381984,24457.465393527928,0.22417515074585456
pcs,powerplant,780,0.9,0.9216300940438872,9.484374410057267,0.13607423830785179,0.3104535080322776,12.418140321291101,0.12751084257212347
pcs,powerplant,781,0.9,0.8996865203761756,9.199188822364608,0.13039247090523892,0.340976668291082,13.639066731643277,0.13045683950972545
pcs,powerplant,782,0.9,0.9022988505747126,9.376563794685133,0.12510425343142273,0.31343916347906264,12.537566539162505,0.12362709060197044
pcs,powerplant,785,0.9,0.8975966562173459,9.176560660016449,0.1307016188579468,0.33021646330224563,13.208658532089823,0.1312818198364897
pcs,powerplant,783,0.9,0.9085684430512017,9.453364596471518,0.13485541507092033,0.2926513875166077,11.706055500664306,0.13054921999220015
pcs,powerplant,784,0.9,0.9111807732497388,9.41562843123449,0.13404937971575298,0.30418426864448633,12.167370745779452,0.12994232161216157
pcs,powerplant,786,0.9,0.8981191222570533,9.213391582046556,0.12343772216032366,0.3244856575514457,12.979426302057826,0.12490180872179363
pcs,insurance,777,0.9,0.8731343283582089,6957.137572786702,0.11811873804616234,689.0869122443994,27563.47648977598,0.1345331607995597
pcs,insurance,782,0.9,0.8955223880597015,12858.137955437931,0.2052739361726173,566.886585933983,22675.46343735932,0.21027014874634828
pcs,insurance,783,0.9,0.8880597014925373,11918.543798206492,0.22071597551922345,586.7242713246807,23468.970852987222,0.23461359612737764
pcs,insurance,785,0.9,0.8992537313432836,13181.550167058624,0.2773386251930651,566.0297870657427,22641.191482629703,0.2796784274248275
pcs,insurance,786,0.9,0.9104477611940298,13298.603508148246,0.23154311380058817,596.0650290956348,23842.601163825388,0.21173244466341046
pcs,kin8nm,778,0.9,0.8889566809029896,0.3485840990426109,0.2476249536889568,0.011823725069455381,0.4729490027782151,0.2581081207141766
pcs,insurance,779,0.9,0.8917910447761194,6996.174583093444,0.11169844096379247,628.0926480734297,25123.7059229372,0.11911393324107827
pcs,insurance,780,0.9,0.9216417910447762,7364.703422432515,0.1549251893757984,571.2734562997939,22850.938251991753,0.13830768395827167
pcs,insurance,781,0.9,0.8880597014925373,6958.119172509037,0.11324422852880922,649.6667398029022,25986.669592116083,0.11467315923308274
pcs,kin8nm,777,0.9,0.8956680902989628,0.3538387321006605,0.2614571306085768,0.011535855427321332,0.46143421709285315,0.2647310986351993
pcs,insurance,784,0.9,0.8955223880597015,7412.838147063753,0.12930387998254927,578.1671127163561,23126.68450865424,0.13715745500385712
pcs,energy_efficiency,777,0.9,0.9025974025974026,1.1939128467014857,0.0330449168752141,0.04622980944522017,1.8491923778088062,0.0330252719240401
pcs,energy_efficiency,778,0.9,0.9025974025974026,1.1633786597809235,0.03220871151109976,0.03441217487508601,1.3764869950034397,0.03210877506742791
pcs,debutanizer,777,0.9,0.8872651356993737,0.18959021032836468,0.1910143041015928,0.0067139768077934415,0.26855907231173765,0.19639105251709177
pcs,debutanizer,778,0.9,0.8663883089770354,0.17573347322580585,0.1927624132304445,0.006289101482858182,0.2515640593143273,0.21449568573523756
pcs,concrete,777,0.9,0.9029126213592233,12.239695265455154,0.16274026413316256,0.4556690034530696,18.226760138122778,0.1616797330651866
pcs,debutanizer,781,0.9,0.8977035490605428,0.1837167853182318,0.1837245090965942,0.006179414737694899,0.24717658950779592,0.18712838554660025
pcs,debutanizer,780,0.9,0.8997912317327766,0.18020319731785508,0.18235663219896206,0.006006247051896826,0.240249882075873,0.1828838526902732
pcs,debutanizer,779,0.9,0.8997912317327766,0.19109338294862457,0.19215201952040972,0.006407330811106967,0.2562932324442786,0.19510766377186994
pcs,debutanizer,784,0.9,0.9039665970772442,0.1800387023572882,0.1814738648256595,0.006104739489534884,0.24418957958139528,0.1803063418742861
pcs,debutanizer,783,0.9,0.8747390396659708,0.18129884070543756,0.18402160785329014,0.007008349496635306,0.2803339798654122,0.20909139140492292
pcs,debutanizer,782,0.9,0.8872651356993737,0.17982829517698487,0.18195067704443743,0.006210370983309215,0.24841483933236852,0.1841976787255893
pcs,concrete,778,0.9,0.8640776699029126,12.27562757603173,0.16938909308723238,0.43449553070716496,17.379821228286595,0.19376595634442165
pcs,debutanizer,785,0.9,0.9164926931106472,0.17931044536073049,0.18065256566026464,0.006080530462369553,0.24322121849478207,0.17579353945411694
pcs,concrete,779,0.9,0.8932038834951457,12.817504991605444,0.17517431996180735,0.44742454698942247,17.896981879576895,0.1772611471816446
pcs,debutanizer,786,0.9,0.8810020876826722,0.18431186709856315,0.18431815050431383,0.006048319988704708,0.24193279954818828,0.19436122085002505
pcs,concrete,780,0.9,0.8689320388349514,13.574637457005029,0.17479574371626358,0.5213264006434136,20.85305602573654,0.19321493172001244
pcs,concrete,781,0.9,0.9271844660194175,13.79142330456706,0.18507009265387897,0.48030058396672753,19.2120233586691,0.16938139559858503
pcs,concrete,782,0.9,0.9223300970873787,13.404077803046958,0.17723228617013034,0.4013573526873173,16.054294107492687,0.1590410612210716
pcs,energy_efficiency,779,0.9,0.8766233766233766,1.019566449252042,0.027593138004114802,0.0428188140670975,1.7127525626838997,0.02983020700196962
pcs,concrete,783,0.9,0.8592233009708737,12.906626671263314,0.17510007694021593,0.48781978175478086,19.512791270191226,0.18968202444006985
pcs,concrete,784,0.9,0.9271844660194175,13.563302820168653,0.18113385176507282,0.4021915237764711,16.08766095105884,0.1624648400578277
pcs,energy_efficiency,780,0.9,0.8506493506493507,1.0263610969890247,0.027672178403586534,0.04604096717648692,1.8416386870594763,0.03219920400038622
pcs,concrete,785,0.9,0.8689320388349514,12.872081203368104,0.1762574449317829,0.5451610804645762,21.806443218583045,0.2030364085664985
pcs,concrete,786,0.9,0.8980582524271845,12.519045758015901,0.17479818148584056,0.537632039183552,21.505281567342077,0.18172817075215142
pcs,energy_efficiency,781,0.9,0.9025974025974026,1.097314249385487,0.029697273325723597,0.03313651281517821,1.3254605126071282,0.02958204167918735
pcs,energy_efficiency,782,0.9,0.8636363636363636,1.007070070737368,0.027720068008185196,0.03797895580143129,1.5191582320572514,0.029946648800717603
pcs,energy_efficiency,783,0.9,0.9090909090909091,1.088830142826229,0.029356434155465867,0.034530580136683094,1.3812232054673235,0.0290260804062842
pcs,energy_efficiency,785,0.9,0.8701298701298701,1.1165068552091524,0.030430821891773024,0.04615073814020534,1.846029525608213,0.03336152276991484
pcs,energy_efficiency,784,0.9,0.8896103896103896,1.1081698281424386,0.030039843538694457,0.045986623887891945,1.8394649555156777,0.030857908283482283
pcs,energy_efficiency,786,0.9,0.9155844155844156,1.0200354712350028,0.02986052316261718,0.03811341452908209,1.5245365811632832,0.02788494467648696
pcs,airfoil,777,0.9,0.8770764119601329,4.54559402212352,0.13489610416724104,0.16510586583337122,6.604234633334846,0.1470535422851833
pcs,airfoil,778,0.9,0.9302325581395349,4.526457447546265,0.14313814146495482,0.149486080359779,5.979443214391159,0.12902194010802315
pcs,airfoil,779,0.9,0.9069767441860465,4.594046912716077,0.12970938259405038,0.14984128775865935,5.993651510346372,0.1229523454257918
pcs,airfoil,781,0.9,0.9269102990033222,4.707107011661973,0.12921672921000257,0.1397882332785977,5.591529331143907,0.12099699107465896
pcs,airfoil,783,0.9,0.8903654485049833,4.461490846551534,0.12511893113891795,0.16227989057369793,6.491195622947915,0.12855014309648793
pcs,airfoil,780,0.9,0.9003322259136213,4.570903106385291,0.12527484052910054,0.16391707311991432,6.556682924796572,0.12510936795321836
pcs,airfoil,782,0.9,0.893687707641196,4.393783189133552,0.130860828840051,0.15957355707111548,6.382942282844617,0.1327639935390671
pcs,airfoil,785,0.9,0.8837209302325582,4.609299770621366,0.13583131286088784,0.1656718644557204,6.626874578228816,0.14079914250952758
pcs,airfoil,784,0.9,0.9235880398671097,4.608546665736607,0.12503857247569272,0.1602168121844827,6.408672487379306,0.11452998459842052
pcs,airfoil,786,0.9,0.9136212624584718,4.60968017578125,0.13134488761628818,0.14757095478856286,5.902838191542512,0.12157619841015188
pcs,kin8nm,780,0.9,0.8981086028065893,0.35302414409523225,0.25998931301606,0.011370215715237716,0.45480862860950855,0.2617560509569601
pcs,kin8nm,782,0.9,0.912751677852349,0.36193441424826583,0.2611688938976139,0.011512067740197864,0.4604827096079145,0.24589279992962504
pcs,kin8nm,781,0.9,0.9060402684563759,0.3508408660114765,0.2515345996067992,0.011068806299039086,0.4427522519615633,0.24307972723597843
pcs,kin8nm,783,0.9,0.8889566809029896,0.35112123453570976,0.25499563338268083,0.011930460866439358,0.4772184346575743,0.2640888537936748
pcs,kin8nm,779,0.9,0.9042098840756558,0.35488525575605273,0.2502090098809202,0.01126187951626895,0.4504751806507579,0.24756525243232663
pcs,kin8nm,784,0.9,0.9109212934716291,0.3573085044005984,0.261848043049378,0.01112544301579557,0.4450177206318227,0.2528319481169911
pcs,kin8nm,785,0.9,0.9194630872483222,0.3525182525994145,0.2532572757029344,0.011050292204782335,0.4420116881912932,0.23384987282588368
pcs,kin8nm,786,0.9,0.9145820622330689,0.3551631127468532,0.2522985115715637,0.010892986028630708,0.4357194411452282,0.23869675201461102
pcs,computer,785,0.9,0.8993288590604027,7.335729347731437,0.07409827623971149,0.2470553341343425,9.882213365373696,0.0741637174133223
pcs,computer,778,0.9,0.9017693715680293,7.771230878392227,0.07849728159992148,0.27430513534497947,10.972205413799177,0.0781653201118879
ctabpfn-a-v3,miami_housing,778,0.9,0.8948690348044492,149909.2435120089,0.05936764623658821,5374.568398864989,214982.73595459948,0.060492386967284914
ctabpfn-a-v3,miami_housing,779,0.9,0.8984571223537854,147067.34979929135,0.057047071295303085,5526.836448942637,221073.45795770542,0.05778208490515532
ctabpfn-a-v3,miami_housing,777,0.9,0.9070685324721923,151595.71236993183,0.05904869410272731,5258.7559419290465,210350.23767716181,0.057522075363145866
ctabpfn-a-v3,miami_housing,780,0.9,0.907427341227126,152553.47707548438,0.059175126871793784,5394.590086086071,215783.60344344276,0.05739172390253737
ctabpfn-a-v3,miami_housing,783,0.9,0.8801578758521708,142781.59323981882,0.05544916242323061,5309.313093295884,212372.5237318353,0.05886930451564741
ctabpfn-a-v3,miami_housing,781,0.9,0.8948690348044492,141321.79060705955,0.05481838270250564,5265.219626979057,210608.7850791622,0.0561083772936302
ctabpfn-a-v3,miami_housing,784,0.9,0.8966630785791173,149007.92154982957,0.057799814410329546,5315.523464270498,212620.93857081988,0.05864027731893261
ctabpfn-a-v3,miami_housing,782,0.9,0.891280947255113,146683.65397380697,0.05689823660737276,5187.90348633163,207516.13945326515,0.058169626460233534
ctabpfn-a-v3,naval_propulsion,777,0.9,0.8973607038123167,0.006932199269745407,0.003947721679809457,0.00018821972766504833,0.0075287891066019305,0.004019289192582922
ctabpfn-a-v3,miami_housing,786,0.9,0.9070685324721923,155411.9871361455,0.060354169761609906,5232.309377452795,209292.37509811178,0.05866560932078481
ctabpfn-a-v3,miami_housing,785,0.9,0.8991747398636527,146761.25565824588,0.05692833811413727,5375.017320826887,215000.69283307545,0.05730310865949165
ctabpfn-a-v3,naval_propulsion,778,0.9,0.8990364474235442,0.007129435946015469,0.004053118786819482,0.00018989639950562658,0.00759585598022506,0.004040023475076498
ctabpfn-a-v3,naval_propulsion,781,0.9,0.8902387934645999,0.007121892375180948,0.00404423189959168,0.00019399579859424127,0.007759831943769648,0.004213382423744547
ctabpfn-a-v3,naval_propulsion,780,0.9,0.899874319229158,0.006816786932780446,0.0038753763119843353,0.00018175926010791945,0.007270370404316775,0.003872019260579237
ctabpfn-a-v3,naval_propulsion,779,0.9,0.9044826141600335,0.007416730908154942,0.0042212469596783955,0.00019830644341083489,0.007932257736433393,0.004095168993256455
ctabpfn-a-v3,naval_propulsion,782,0.9,0.8914956011730205,0.007297001285911555,0.004150740208140816,0.00019761310655437944,0.007904524262175174,0.004405169309536647
ctabpfn-a-v3,naval_propulsion,783,0.9,0.886887306242145,0.006884609611652663,0.00390948870621957,0.00018836871267713438,0.007534748507085372,0.004198145491432772
ctabpfn-a-v3,naval_propulsion,784,0.9,0.9002932551319648,0.007184595556303104,0.0040844772918152954,0.00019428600838457014,0.007771440335382804,0.004082296769851765
ctabpfn-a-v3,naval_propulsion,785,0.9,0.873900293255132,0.006605271850862811,0.0037594034438604503,0.00018515301536679683,0.007406120614671871,0.004393606463393845
ctabpfn-a-v3,naval_propulsion,786,0.9,0.8797653958944281,0.007295576695572846,0.0041358144532725885,0.00019804961434407474,0.007921984573762988,0.004542157365878609
ctabpfn-a-v3,computer,777,0.9,0.9048200122025626,6.1616305621242,0.06223869254670909,0.20211642314341832,8.08465692573673,0.06154140608690835
ctabpfn-a-v3,computer,778,0.9,0.8798047589993899,5.829390540655391,0.058882732733892836,0.21541016368767055,8.61640654750682,0.06246077513378718
ctabpfn-a-v3,computer,779,0.9,0.9322757779133618,6.473741962969339,0.06539133295928626,0.1971312292433862,7.885249169735446,0.058414987649327656
ctabpfn-a-v3,computer,780,0.9,0.8999389871873094,6.096951664185073,0.061585370345303765,0.19857689913196347,7.943075965278537,0.06180921393898687
ctabpfn-a-v3,computer,781,0.9,0.8974984746796827,5.938303255103869,0.059982861162665345,0.20434828204778438,8.173931281911374,0.06117075102623726
ctabpfn-a-v3,computer,782,0.9,0.9029896278218426,6.14964972610078,0.062117674001017975,0.20923648958820049,8.369459583528018,0.061813059400256186
ctabpfn-a-v3,computer,783,0.9,0.9176327028676022,6.023022726587292,0.060838613399871636,0.18620589147114483,7.448235658845791,0.057669319520195016
ctabpfn-a-v3,computer,784,0.9,0.8877364246491763,5.919610003424244,0.05979404043862872,0.2021254650116549,8.085018600466194,0.062319606363501985
ctabpfn-a-v3,computer,785,0.9,0.8938377059182429,5.929959162624236,0.05989857740024481,0.20506705032971811,8.202682013188724,0.06115482784334435
ctabpfn-a-v3,computer,786,0.9,0.9060402684563759,6.028427355168723,0.06089320560776487,0.20162193382782792,8.064877353113115,0.05953916298072717
ctabpfn-a-v3,parkinsons,778,0.9,0.9276595744680851,7.194007896261012,0.149900147863415,0.21039141339435988,8.415656535774394,0.1420404482036364
ctabpfn-a-v3,parkinsons,777,0.9,0.9038297872340425,7.01643214570715,0.14620003637496146,0.21602850046287703,8.64114001851508,0.14456291947145164
ctabpfn-a-v3,parkinsons,779,0.9,0.8893617021276595,6.943612692406837,0.14481548119643858,0.20315880303963202,8.12635212158528,0.14645252994969113
ctabpfn-a-v3,parkinsons,782,0.9,0.9251063829787234,7.127364839188596,0.14851151940299626,0.19820585640529884,7.928234256211951,0.14200932805768504
ctabpfn-a-v3,parkinsons,780,0.9,0.908936170212766,7.071900557660042,0.14735582092140445,0.20548937994271144,8.219575197708455,0.14481317301588517
ctabpfn-a-v3,parkinsons,781,0.9,0.8527659574468085,6.595637881908011,0.13743202787772985,0.21850016697197783,8.740006678879107,0.14592257284006183
ctabpfn-a-v3,parkinsons,783,0.9,0.8902127659574468,6.85784195676763,0.14289552335321784,0.21354829834584993,8.541931933833993,0.14428584166337655
ctabpfn-a-v3,parkinsons,785,0.9,0.9012765957446809,7.0137991166622085,0.14614517245920589,0.2099738765910535,8.398955063642138,0.14537262555518546
ctabpfn-a-v3,parkinsons,784,0.9,0.9268085106382978,6.933872461521879,0.14447975624107934,0.1992623915801353,7.970495663205412,0.13870208412045737
ctabpfn-a-v3,parkinsons,786,0.9,0.8961702127659574,7.045480384420841,0.14680530889358312,0.20380721248131617,8.152288499252647,0.14786824057380504
ctabpfn-a-v3,kin8nm,777,0.9,0.8785845027455765,0.19642335423759893,0.1451403758954934,0.006456893368290803,0.25827573473163207,0.1531634746858383
ctabpfn-a-v3,kin8nm,778,0.9,0.8932275777913362,0.2044905519307278,0.1452646967855118,0.006546752270234559,0.26187009080938234,0.1481116072928031
ctabpfn-a-v3,kin8nm,780,0.9,0.9090909090909091,0.19673592346317526,0.14488878010840248,0.005925063471476155,0.23700253885904618,0.14192743670345187
ctabpfn-a-v3,kin8nm,779,0.9,0.8999389871873094,0.20417010666867302,0.14394849999619702,0.00642782744207273,0.25711309768290913,0.14402617852301264
ctabpfn-a-v3,kin8nm,781,0.9,0.87248322147651,0.1904087264529447,0.13651312435312285,0.00629580320974027,0.2518321283896108,0.14741467479086284
ctabpfn-a-v3,kin8nm,783,0.9,0.9078706528370958,0.2029793311894631,0.14741017639873358,0.006126891806028212,0.24507567224112842,0.14463503074599793
ctabpfn-a-v3,kin8nm,782,0.9,0.9017693715680293,0.19977036542631343,0.1441526511931088,0.006221960577295607,0.24887842309182423,0.14356904750080132
ctabpfn-a-v3,kin8nm,784,0.9,0.9121415497254424,0.20354519000298515,0.14916496254071868,0.0061480953449412346,0.24592381379764933,0.14545674482388046
ctabpfn-a-v3,kin8nm,786,0.9,0.8932275777913362,0.1982894628385424,0.14085960658348912,0.0062819426967024436,0.25127770786809767,0.14464973819661664
ctabpfn-a-v3,kin8nm,785,0.9,0.9237339841366687,0.20913395208327634,0.15024667395530644,0.006191066834858771,0.2476426733943508,0.14179995013293803
ctabpfn-a-v3,sulfur,777,0.9,0.9062964799206743,0.058367492589752344,0.06843046639500314,0.0018804245063504085,0.07521698025401632,0.06754578023125073
ctabpfn-a-v3,sulfur,778,0.9,0.9147248388696083,0.05752069849394406,0.07276606158973199,0.00189603959704791,0.07584158388191638,0.07064094334322345
ctabpfn-a-v3,sulfur,779,0.9,0.9043133366385722,0.05509701993925442,0.06970000801941892,0.0017724235441091334,0.07089694176436531,0.06902161717917997
ctabpfn-a-v3,sulfur,781,0.9,0.8939018344075359,0.053988077531185,0.06248251264240768,0.0018841674831571414,0.07536669932628565,0.06371108556916978
ctabpfn-a-v3,sulfur,782,0.9,0.8844819038175508,0.052932798739693074,0.06126119724378894,0.0019058949069694696,0.07623579627877876,0.06341617956944595
ctabpfn-a-v3,sulfur,780,0.9,0.9196826970748636,0.057872620639358344,0.05824562562586639,0.0017932881730328446,0.07173152692131378,0.05588447490837137
ctabpfn-a-v3,sulfur,783,0.9,0.9102627664848786,0.05646926135383281,0.05955875252348347,0.0017918664456543889,0.07167465782617553,0.05833857430247367
ctabpfn-a-v3,sulfur,784,0.9,0.9102627664848786,0.057657557254057815,0.06067664508347635,0.001810135627368958,0.0724054250947583,0.059399831624099855
ctabpfn-a-v3,sulfur,786,0.9,0.9053049082796232,0.055211011880824945,0.06505868475788731,0.0017488375929179492,0.06995350371671794,0.0641422351081072
ctabpfn-a-v3,sulfur,785,0.9,0.888448190381755,0.05759121077276179,0.06681432733199814,0.002031415901792343,0.0812566360716937,0.0682429220352696
ctabpfn-a-v3,powerplant,780,0.9,0.9096133751306165,7.833453538151246,0.11238814258466638,0.2766453259666388,11.06581303866555,0.10877457139324588
ctabpfn-a-v3,powerplant,777,0.9,0.8908045977011494,7.42062022369608,0.10585763514545046,0.2586222894363643,10.344891577454568,0.10962968975503505
ctabpfn-a-v3,powerplant,778,0.9,0.9080459770114943,7.513111875846967,0.09951141557413201,0.2794597851345656,11.178391405382623,0.09697050742010971
ctabpfn-a-v3,powerplant,779,0.9,0.9022988505747126,7.3418815238099615,0.09724346389152266,0.25870350589572827,10.348140235829128,0.096718424963907
ctabpfn-a-v3,powerplant,782,0.9,0.8855799373040752,7.275596945512507,0.09707267438975994,0.28101379266976073,11.240551706790427,0.10159366430584792
ctabpfn-a-v3,powerplant,784,0.9,0.8928944618599791,7.453319776768221,0.1061121836100259,0.2699337098889963,10.79734839555985,0.10751284921188874
ctabpfn-a-v3,powerplant,783,0.9,0.9164054336468129,7.708644679596681,0.10996640056485989,0.2442444210391309,9.769776841565234,0.10489868396087805
ctabpfn-a-v3,powerplant,781,0.9,0.8934169278996865,7.2085044167258525,0.10217582447520697,0.30612253649481413,12.244901459792564,0.10567268612356381
ctabpfn-a-v3,powerplant,786,0.9,0.8834900731452455,7.3380921621930515,0.09831313186217916,0.28913798939098034,11.565519575639211,0.10314113123301329
ctabpfn-a-v3,debutanizer,777,0.9,0.9081419624217119,0.07935751960486453,0.07995360813355167,0.002732031628031792,0.10928126512127166,0.07796417893357012
ctabpfn-a-v3,debutanizer,778,0.9,0.8914405010438413,0.06705290578025741,0.07355047217275397,0.0022624265223059143,0.09049706089223655,0.07492517152024313
ctabpfn-a-v3,powerplant,785,0.9,0.8855799373040752,7.085674608762735,0.10092115950381329,0.2892559275532467,11.570237102129866,0.1051686032879045
ctabpfn-a-v3,debutanizer,781,0.9,0.906054279749478,0.06563445533424546,0.0656372147227524,0.0024787905269730987,0.09915162107892393,0.06415979623540345
ctabpfn-a-v3,debutanizer,779,0.9,0.9352818371607515,0.0768709211549012,0.07729677770307519,0.00253188555598694,0.10127542223947758,0.06699453652492232
ctabpfn-a-v3,debutanizer,782,0.9,0.9269311064718163,0.07161007598061932,0.07245523734212021,0.0021843711001296937,0.08737484400518773,0.06658564971789815
ctabpfn-a-v3,debutanizer,780,0.9,0.8830897703549061,0.06532898850083771,0.06610967233264006,0.002111464050724714,0.08445856202898853,0.07126944938243139
ctabpfn-a-v3,debutanizer,783,0.9,0.9081419624217119,0.07197081720522587,0.07305168333723205,0.0025715660472411927,0.10286264188964771,0.07028402994771875
ctabpfn-a-v3,debutanizer,784,0.9,0.8810020876826722,0.06765018703901095,0.06818945447509818,0.002029906188824441,0.08119624755297761,0.07072588621418897
ctabpfn-a-v3,debutanizer,785,0.9,0.9018789144050104,0.0621120207554161,0.06257692286267051,0.002087304863650732,0.08349219454602926,0.062425605027089444
ctabpfn-a-v3,debutanizer,786,0.9,0.8893528183716075,0.06993662048591055,0.069939004706581,0.002100626198927239,0.08402504795708954,0.07230501161250462
ctabpfn-a-v3,insurance,777,0.9,0.8283582089552238,3449.9659669790694,0.058573748478937766,697.3937253680693,27895.749014722776,0.1146983870349342
ctabpfn-a-v3,insurance,779,0.9,0.9104477611940298,7071.884238399676,0.11290719445660097,673.1030909955564,26924.123639822254,0.01981510877754854
ctabpfn-a-v3,insurance,778,0.9,0.8992537313432836,4687.137583262885,0.07483372357298038,702.328760945553,28093.15043782212,0.09013661644942925
ctabpfn-a-v3,insurance,780,0.9,0.8768656716417911,5642.072258792707,0.11868761890708823,502.0682485169842,20082.729940679368,0.13956759394844592
ctabpfn-a-v3,insurance,781,0.9,0.8694029850746269,4874.117270398496,0.07932684628713957,705.3220493014298,28212.8819720572,0.10187237344614615
ctabpfn-a-v3,insurance,783,0.9,0.914179104477612,18072.518130174325,0.3346795998509926,702.5958582182109,28103.83432872843,0.24029906824441374
ctabpfn-a-v3,insurance,782,0.9,0.8992537313432836,5035.616727914383,0.08039117875216911,616.5796534185336,24663.186136741344,0.08224384309504044
ctabpfn-a-v3,insurance,784,0.9,0.8843283582089553,4647.427203278044,0.08106616621035076,624.4078965483983,24976.315861935927,0.09608762697890726
ctabpfn-a-v3,insurance,786,0.9,0.917910447761194,13270.54883905667,0.23105465157715782,628.7177038093228,25148.708152372903,0.025284098516948423
ctabpfn-a-v3,concrete,777,0.9,0.9077669902912622,10.1647449477205,0.13515150841271772,0.34553214291345735,13.82128571653829,0.12820082971924118
ctabpfn-a-v3,insurance,785,0.9,0.9291044776119403,15816.12889531833,0.33276992372762015,680.7943590643949,27231.774362575794,0.012653310115524709
ctabpfn-a-v3,concrete,778,0.9,0.912621359223301,8.67562317385257,0.11971330445498234,0.29199521973295123,11.679808789318049,0.11103734777385531
ctabpfn-a-v3,concrete,781,0.9,0.8737864077669902,8.634182492506158,0.11586396259401716,0.3485498032407854,13.94199212963141,0.12972331048225008
ctabpfn-a-v3,concrete,780,0.9,0.8495145631067961,9.441618099953365,0.12157633401948706,0.4317878332647306,17.27151333058922,0.1495083598506085
ctabpfn-a-v3,concrete,779,0.9,0.9077669902912622,9.951412769775946,0.1360040012269502,0.36506730955491956,14.602692382196777,0.1281132710990687
ctabpfn-a-v3,concrete,782,0.9,0.9611650485436893,11.632578800025495,0.1538090546082969,0.3066339711367506,12.26535884547002,0.11889128818684834
ctabpfn-a-v3,concrete,784,0.9,0.9368932038834952,11.724893817623842,0.15658244948749792,0.3443485845061183,13.773943380244727,0.13974366040729103
ctabpfn-a-v3,concrete,785,0.9,0.8495145631067961,9.068154964632201,0.12417027200646585,0.3985091102933421,15.940364411733682,0.1605136304200549
ctabpfn-a-v3,concrete,783,0.9,0.941747572815534,11.26304008833413,0.15280206333379637,0.35099793113261757,14.039917245304702,0.13428225590974224
ctabpfn-a-v3,concrete,786,0.9,0.9271844660194175,10.410238004425198,0.14535378392104437,0.48284252670204764,19.3137010680819,0.12960592175982527
ctabpfn-a-v3,energy_efficiency,777,0.9,0.922077922077922,1.185684126692933,0.032817163761221506,0.041130535122636085,1.6452214049054432,0.031162383398774966
ctabpfn-a-v3,energy_efficiency,778,0.9,0.8701298701298701,1.1259171188651742,0.0311715702897335,0.030858361163696717,1.2343344465478683,0.031998093895157204
ctabpfn-a-v3,energy_efficiency,779,0.9,0.9155844155844156,1.1140475737584101,0.03015013731416536,0.03086693406105043,1.2346773624420169,0.02884049631347233
ctabpfn-a-v3,energy_efficiency,780,0.9,0.948051948051948,1.1335076480716855,0.030561004261841072,0.03833478658230274,1.5333914632921093,0.026089699668712055
ctabpfn-a-v3,energy_efficiency,783,0.9,0.922077922077922,1.0310860640042787,0.027799570342525712,0.027188373587348255,1.08753494349393,0.026748170203469104
ctabpfn-a-v3,energy_efficiency,782,0.9,0.8831168831168831,1.0425885188115107,0.02869772966725876,0.03541630484841087,1.4166521939364347,0.029615554630343804
ctabpfn-a-v3,energy_efficiency,781,0.9,0.8701298701298701,1.054448211347902,0.028537164041891796,0.040036121018521206,1.601444840740848,0.030882748083289505
ctabpfn-a-v3,energy_efficiency,784,0.9,0.8636363636363636,1.0213994515406621,0.027687705381964276,0.04071941352509837,1.6287765410039343,0.02952789859472543
ctabpfn-a-v3,airfoil,777,0.9,0.8770764119601329,2.5863000609946014,0.07675164142192487,0.09329609553441658,3.7318438213766623,0.08122718241412057
ctabpfn-a-v3,energy_efficiency,785,0.9,0.8766233766233766,1.060521531414676,0.028904920452839357,0.03695522436847938,1.478208974739175,0.030057050085504078
ctabpfn-a-v3,energy_efficiency,786,0.9,0.8506493506493507,0.9005336792438061,0.026362227144139525,0.03644594534651023,1.4578378138604093,0.0292932617135055
ctabpfn-a-v3,airfoil,778,0.9,0.9368770764119602,2.725605327821649,0.08619059949472378,0.09104509628650755,3.641803851460301,0.07395307673977637
ctabpfn-a-v3,airfoil,780,0.9,0.9069767441860465,2.6744154109511267,0.0732977611464666,0.10187349708531782,4.074939883412711,0.07034710366346479
ctabpfn-a-v3,airfoil,779,0.9,0.8538205980066446,2.3847411399663883,0.06733133265476277,0.0918693198270576,3.6747727930823038,0.07520646641912565
ctabpfn-a-v3,airfoil,781,0.9,0.9003322259136213,2.7711814804330617,0.07607284178195514,0.09472664842573908,3.789065937029562,0.0754559964394045
ctabpfn-a-v3,airfoil,782,0.9,0.9136212624584718,2.50118075652772,0.0744931128343972,0.09445255915746341,3.778102366298535,0.072487014697615
ctabpfn-a-v3,airfoil,784,0.9,0.8604651162790697,2.3588946776532653,0.06400126645286554,0.09341265255747437,3.7365061022989736,0.07550626847989045
ctabpfn-a-v3,airfoil,783,0.9,0.8471760797342193,2.3718677153222982,0.06651712702120981,0.095817136922944,3.8326854769177587,0.07835600813734964
ctabpfn-a-v3,airfoil,785,0.9,0.9036544850498339,2.48668082607941,0.07327992061293721,0.08595629768751782,3.438251907500713,0.07284847735558278
ctabpfn-a-v3,airfoil,786,0.9,0.9368770764119602,2.908662409481416,0.08287731962278937,0.0909565148844672,3.638260595378686,0.07516940301535231
ctabpfn-m-v3,miami_housing,779,0.9,0.898815931108719,152433.77236668012,0.059128693703134255,5492.128680522853,219685.14722091408,0.05935453775582321
ctabpfn-m-v3,miami_housing,778,0.9,0.8973806960889845,155469.76989566514,0.06156974769144396,5357.340865058475,214293.63460233898,0.061847356378390415
ctabpfn-m-v3,miami_housing,777,0.9,0.9020452099031216,155777.33597113832,0.060677496190993774,5245.322263873006,209812.89055492016,0.060317499971558226
ctabpfn-m-v3,miami_housing,780,0.9,0.9059921062073915,158941.35512816202,0.06165296940580373,5378.962832668978,215158.51330675907,0.05998307968310728
ctabpfn-m-v3,miami_housing,781,0.9,0.891280947255113,144018.48295658414,0.055864423179435276,5265.376746109168,210615.0698443667,0.05759884713127808
ctabpfn-m-v3,miami_housing,783,0.9,0.8794402583423035,143191.72080894554,0.05560843526560992,5305.916569571056,212236.6627828422,0.059225114967259324
ctabpfn-m-v3,miami_housing,784,0.9,0.8966630785791173,155410.35733287362,0.06028330385293779,5336.680536412082,213467.22145648324,0.061003364948661556
ctabpfn-m-v3,miami_housing,782,0.9,0.8998923573735199,153979.250768075,0.05972818105821373,5149.50340602014,205980.13624080553,0.05983138131945878
ctabpfn-m-v3,miami_housing,785,0.9,0.8977395048439182,150690.5849998318,0.058452515515838556,5370.955121609539,214838.2048643815,0.05887648695364242
ctabpfn-m-v3,miami_housing,786,0.9,0.9088625762468604,160080.64446537496,0.06216724056907766,5241.195475365538,209647.81901462146,0.0598104187910821
ctabpfn-m-v3,naval_propulsion,777,0.9,0.899874319229158,0.0024816737946077626,0.0014132538693666075,7.421460927506586e-05,0.0029685843710026334,0.0014166342436744662
ctabpfn-m-v3,naval_propulsion,778,0.9,0.9049015500628403,0.002442974842238936,0.0013888430029783602,7.249289839073946e-05,0.0028997159356295766,0.00136659128675452
ctabpfn-m-v3,naval_propulsion,779,0.9,0.8956849602010892,0.002515086926797668,0.0014314666629468796,7.6915826437785e-05,0.0030766330575113993,0.0014474238901680554
ctabpfn-m-v3,naval_propulsion,780,0.9,0.9069962295768748,0.0024855584031026334,0.0014130519631055335,7.400626733830421e-05,0.0029602506935321672,0.0013867601841515572
ctabpfn-m-v3,naval_propulsion,781,0.9,0.8948470883954754,0.002573594694413248,0.0014614393494680568,7.806429048437506e-05,0.003122571619375001,0.001480933795085962
ctabpfn-m-v3,naval_propulsion,782,0.9,0.8923334729786343,0.002485406313873406,0.001413769234285214,7.499578683806799e-05,0.0029998314735227185,0.0014496582361210348
ctabpfn-m-v3,naval_propulsion,783,0.9,0.9069962295768748,0.0027491616082830714,0.0015611366316201428,7.914209605249634e-05,0.003165683842099852,0.001539406802760721
ctabpfn-m-v3,naval_propulsion,784,0.9,0.8927524088814411,0.002553930530300388,0.0014519218478114772,7.887875656728002e-05,0.0031551502626911993,0.0014746524234623927
ctabpfn-m-v3,naval_propulsion,785,0.9,0.8810222036028488,0.002491848004079035,0.001418240184450219,7.827806022684577e-05,0.00313112240907383,0.0015099884699189283
ctabpfn-m-v3,naval_propulsion,786,0.9,0.8969417679095099,0.0024777157509182106,0.00140460076582665,7.379616431464289e-05,0.0029518465725857147,0.0014134467130306333
ctabpfn-m-v3,computer,777,0.9,0.9029896278218426,6.2224206409489256,0.06285273374695885,0.20258329888536414,8.103331955414562,0.06233276501019336
ctabpfn-m-v3,computer,778,0.9,0.8730933496034167,5.665853745985351,0.05723084591904395,0.21630173683930204,8.65206947357208,0.06191770424412336
ctabpfn-m-v3,computer,780,0.9,0.8999389871873094,6.098616828563521,0.06160219018751031,0.19858948510547034,7.943579404218812,0.06183147142550092
ctabpfn-m-v3,computer,779,0.9,0.9322757779133618,6.652829451267133,0.0672002974875468,0.19842921307059314,7.937168522823723,0.06032819161744021
ctabpfn-m-v3,computer,781,0.9,0.896888346552776,5.925109904229895,0.059849594992221165,0.2042668074114866,8.170672296459461,0.06110185063139613
ctabpfn-m-v3,computer,782,0.9,0.8993288590604027,6.129689009761287,0.06191605060364936,0.20927150718608672,8.370860287443467,0.062124527834971355
ctabpfn-m-v3,computer,783,0.9,0.9170225747406956,6.007005784626484,0.060676826107338225,0.1861028118203369,7.444112472813474,0.05763758965756571
ctabpfn-m-v3,computer,784,0.9,0.8871262965222697,5.89457868191438,0.059541198807215964,0.20196408703605023,8.078563481442007,0.06199998050304671
ctabpfn-m-v3,computer,785,0.9,0.8938377059182429,5.950388675349889,0.060104936114645346,0.20503892899286902,8.20155715971476,0.061349609021361905
ctabpfn-m-v3,computer,786,0.9,0.9072605247101891,6.0547931293222215,0.061159526558810316,0.2016137540340424,8.064550161361694,0.05983068814454841
ctabpfn-m-v3,parkinsons,777,0.9,0.9063829787234042,7.0464828710353125,0.14682619751282117,0.21541727240558387,8.616690896223352,0.144441441048241
ctabpfn-m-v3,parkinsons,778,0.9,0.9268085106382978,7.172560186589018,0.1494532460949537,0.2089072824516297,8.356291298065186,0.14297720930678776
ctabpfn-m-v3,parkinsons,779,0.9,0.8902127659574468,6.939699293501834,0.1447338636335579,0.2032349795669394,8.129399182677574,0.14640526560889364
ctabpfn-m-v3,parkinsons,780,0.9,0.9029787234042553,7.043301908208969,0.14675991640708805,0.204955697084224,8.19822788336896,0.14551537833403808
ctabpfn-m-v3,parkinsons,781,0.9,0.8587234042553191,6.603489829935926,0.13759563739656455,0.21881434319134982,8.75257372765399,0.14546249626134258
ctabpfn-m-v3,parkinsons,782,0.9,0.9242553191489362,7.169082158677122,0.14938077510162365,0.19733283150092598,7.893313260037038,0.14449762837029959
ctabpfn-m-v3,parkinsons,783,0.9,0.8876595744680851,6.860562839913875,0.1429522178678504,0.21330228041823374,8.532091216729347,0.14538007665957936
ctabpfn-m-v3,parkinsons,784,0.9,0.9259574468085107,7.011018043680394,0.14608722378063832,0.19934220844869419,7.973688337947765,0.13949402941811712
ctabpfn-m-v3,parkinsons,786,0.9,0.8995744680851064,7.11017412510324,0.14815331982628857,0.20327624778122605,8.13104991124904,0.14816649041500843
ctabpfn-m-v3,parkinsons,785,0.9,0.8987234042553192,7.002862942066598,0.14591729750930568,0.2098961560991166,8.395846243964664,0.146035693933303
ctabpfn-m-v3,kin8nm,777,0.9,0.8779743746186699,0.1960123481684665,0.1448366769000213,0.006458863495415233,0.2583545398166093,0.1525670952045938
ctabpfn-m-v3,kin8nm,778,0.9,0.8938377059182429,0.20518208442391092,0.1457559432367102,0.006547221607104787,0.26188886428419145,0.1490635222007836
ctabpfn-m-v3,kin8nm,779,0.9,0.9029896278218426,0.20618543818438467,0.1453693933552456,0.006425547631751051,0.25702190527004193,0.144214687925719
ctabpfn-m-v3,kin8nm,780,0.9,0.9084807809640024,0.1962988225651122,0.1445668713548316,0.0059228837223493725,0.2369153488939748,0.141977274372776
ctabpfn-m-v3,kin8nm,781,0.9,0.8730933496034167,0.18973893764962357,0.13603292072012022,0.00630097466231909,0.2520389864927636,0.1476747365244916
ctabpfn-m-v3,kin8nm,783,0.9,0.9133618059792556,0.2054286758717129,0.14918896998109457,0.006130498406526923,0.24521993626107688,0.14481953346063922
ctabpfn-m-v3,kin8nm,782,0.9,0.9017693715680293,0.2003080669865512,0.14454065221264709,0.006223662967343099,0.24894651869372386,0.14351746463398385
ctabpfn-m-v3,kin8nm,784,0.9,0.9115314215985357,0.20395690536375377,0.1494666818118328,0.006150262264348403,0.24601049057393606,0.14586723768454526
ctabpfn-m-v3,kin8nm,785,0.9,0.9219035997559487,0.20933089599858848,0.15038816302456862,0.006186243951524102,0.24744975806096398,0.14158249240213253
ctabpfn-m-v3,kin8nm,786,0.9,0.8913971934106162,0.1981696425650162,0.14077448942018647,0.006284507900843336,0.25138031603373334,0.14521190295185188
ctabpfn-m-v3,sulfur,777,0.9,0.9058006941001487,0.058396519947867244,0.06846449827757824,0.0018805934584994128,0.0752237383399765,0.06769603803789341
ctabpfn-m-v3,sulfur,778,0.9,0.9127416955875062,0.05800383996973844,0.07337725553042986,0.00190070805874529,0.07602832234981158,0.07143840858543385
ctabpfn-m-v3,sulfur,780,0.9,0.9236489836390679,0.0583866314715939,0.058762949399548604,0.001797856443212087,0.07191425772848346,0.056142199713955204
ctabpfn-m-v3,sulfur,779,0.9,0.9053049082796232,0.05508384641087219,0.0696833429614013,0.0017712009900848586,0.07084803960339431,0.06884899246491484
ctabpfn-m-v3,sulfur,781,0.9,0.8953891918691126,0.053509958450630286,0.06192916673972981,0.0018864718306561756,0.075458873226247,0.06249710784020456
ctabpfn-m-v3,sulfur,782,0.9,0.8934060485870104,0.05286716621107781,0.0611852381526991,0.0019127287725091975,0.07650915090036786,0.06204769486850397
ctabpfn-m-v3,sulfur,784,0.9,0.909766980664353,0.05815399039294765,0.06119907265083526,0.00181456637873634,0.07258265514945357,0.05973663222441767
ctabpfn-m-v3,sulfur,785,0.9,0.8849776896380763,0.056653349735600024,0.06572626973626358,0.0020296025094799722,0.08118410037919886,0.06761694824005969
ctabpfn-m-v3,sulfur,783,0.9,0.9053049082796232,0.056301905937265674,0.05938224092053668,0.0017925291609589438,0.07170116643835774,0.058780168626810174
ctabpfn-m-v3,sulfur,786,0.9,0.9058006941001487,0.05532159264572057,0.06518898918228656,0.001748909573516394,0.06995638294065573,0.06412434947431263
ctabpfn-m-v3,powerplant,779,0.9,0.9007314524555904,7.299932449962652,0.09668784701937287,0.25851333227526313,10.340533291010521,0.09656136027617714
ctabpfn-m-v3,powerplant,778,0.9,0.9143155694879833,7.770980484184178,0.10292689383025401,0.2819376277624626,11.277505110498502,0.0983275596062429
ctabpfn-m-v3,powerplant,777,0.9,0.8913270637408568,7.450305902845807,0.1062811113102112,0.258675344182157,10.347013767286278,0.10965562204556037
ctabpfn-m-v3,powerplant,780,0.9,0.9090909090909091,7.916071239060868,0.11357347545281017,0.27809877274053857,11.12395090962154,0.11033160607408649
ctabpfn-m-v3,powerplant,784,0.9,0.8913270637408568,7.450954106409597,0.10607850379284732,0.26997756320231875,10.79910252809275,0.10760033407665753
ctabpfn-m-v3,powerplant,781,0.9,0.8949843260188087,7.246526544744318,0.10271476321395205,0.30631848469796974,12.252739387918787,0.105686114633978
ctabpfn-m-v3,powerplant,783,0.9,0.9085684430512017,7.671408737963893,0.1094352173746632,0.24500969618714596,9.800387847485835,0.10544216478828496
ctabpfn-m-v3,powerplant,782,0.9,0.8855799373040752,7.2690911367769155,0.09698587240529576,0.2809467500628848,11.23787000251539,0.10156319287698637
ctabpfn-m-v3,powerplant,786,0.9,0.8834900731452455,7.359458995089636,0.09859939704032204,0.28957442966249936,11.582977186499972,0.10367965457878692
ctabpfn-m-v3,debutanizer,777,0.9,0.8830897703549061,0.06948270614012018,0.07000462068934615,0.002791207559532039,0.11164830238128155,0.07436403722487817
ctabpfn-m-v3,powerplant,785,0.9,0.8861024033437827,7.100307739640478,0.10112957897223293,0.28931144148329335,11.572457659331734,0.10532268928678022
ctabpfn-m-v3,debutanizer,778,0.9,0.9039665970772442,0.06281008104461251,0.06889650887285469,0.0023400335755064993,0.09360134302025999,0.06687514699409103
ctabpfn-m-v3,debutanizer,779,0.9,0.9394572025052192,0.07422759711921277,0.07463880993952932,0.0024838725557931483,0.0993549022317259,0.06705107225444745
ctabpfn-m-v3,debutanizer,780,0.9,0.8851774530271399,0.05660753395789476,0.057283996084942154,0.002075585374024593,0.08302341496098371,0.05943102487432197
ctabpfn-m-v3,debutanizer,781,0.9,0.9102296450939458,0.06507685625175158,0.06507959219780757,0.00247515522696749,0.09900620907869957,0.06277674590844358
ctabpfn-m-v3,debutanizer,782,0.9,0.9269311064718163,0.07169180631439254,0.07253793227925716,0.002185416198436309,0.08741664793745234,0.06657420353415658
ctabpfn-m-v3,debutanizer,786,0.9,0.8914405010438413,0.06392650594176542,0.0639286852706463,0.002165156188015115,0.0866062475206046,0.06569006073660057
ctabpfn-m-v3,debutanizer,785,0.9,0.8810020876826722,0.05500081237230551,0.05541248781389641,0.002138593939776802,0.08554375759107206,0.05814896560627551
ctabpfn-m-v3,debutanizer,784,0.9,0.8810020876826722,0.05482076996517424,0.05525776884658753,0.0020261233331126676,0.08104493332450668,0.06037390292699046
ctabpfn-m-v3,debutanizer,783,0.9,0.9123173277661796,0.06720352500175478,0.06821279538309141,0.0025402970524175377,0.10161188209670148,0.06438987470462827
ctabpfn-m-v3,insurance,779,0.9,0.9104477611940298,5534.683840168056,0.08836479833825363,668.3972909533327,26735.891638133315,0.06446411161311572
ctabpfn-m-v3,insurance,777,0.9,0.8619402985074627,1885.6815085339902,0.032015224338276485,734.6311182817966,29385.24473127187,0.09749492260341439
ctabpfn-m-v3,insurance,778,0.9,0.8992537313432836,3727.6362997026586,0.05951455434733944,703.5004991858092,28140.01996743237,0.090837741782547
ctabpfn-m-v3,insurance,780,0.9,0.8694029850746269,2546.7907359564483,0.05357473538808986,515.0327325531206,20601.30930212483,0.05848243112688583
ctabpfn-m-v3,insurance,782,0.9,0.9067164179104478,3101.657335879198,0.04951645504202493,604.9178449381998,24196.71379752799,0.0477714151808312
ctabpfn-m-v3,insurance,781,0.9,0.8768656716417911,2481.760971297079,0.040390959053681105,735.5822032325494,29423.28812930198,0.06728052297483854
ctabpfn-m-v3,insurance,784,0.9,0.8768656716417911,2735.804524435926,0.047721282033319413,625.5974164791643,25023.896659166574,0.060269533485600726
ctabpfn-m-v3,insurance,783,0.9,0.9328358208955224,12374.757150906235,0.22916445520691578,736.0634914931842,29442.53965972737,0.08083900754537451
ctabpfn-m-v3,insurance,785,0.9,0.9253731343283582,5964.226448856183,0.12548678590167628,612.7596825590037,24510.387302360148,0.04183627490689205
ctabpfn-m-v3,insurance,786,0.9,0.914179104477612,5699.197947715646,0.09922921893050336,583.948596955776,23357.943878231043,0.039015279237058345
ctabpfn-m-v3,concrete,778,0.9,0.912621359223301,8.727168893351138,0.12042457421486323,0.29341018984618705,11.73640759384748,0.11101918800565456
ctabpfn-m-v3,concrete,777,0.9,0.8737864077669902,9.553490342445745,0.1270242034629138,0.3389026314540975,13.556105258163896,0.1441747429558764
ctabpfn-m-v3,concrete,779,0.9,0.8932038834951457,9.912672511582235,0.13547454573708126,0.3653265198052509,14.613060792210032,0.14619234772895423
ctabpfn-m-v3,concrete,780,0.9,0.8592233009708737,9.810880430693766,0.1263311927722607,0.42716614730728486,17.086645892291394,0.15223292278796755
ctabpfn-m-v3,concrete,781,0.9,0.883495145631068,8.284876159093912,0.11117654534479217,0.3543782883361707,14.175131533446821,0.1178543053101357
ctabpfn-m-v3,concrete,782,0.9,0.9223300970873787,11.278766838092249,0.1491308586287485,0.3166214607410061,12.664858429640239,0.13967878575064066
ctabpfn-m-v3,concrete,783,0.9,0.9563106796116505,12.833096432454377,0.17410251570281343,0.3697822496844728,14.791289987378907,0.1392909700964071
ctabpfn-m-v3,concrete,785,0.9,0.8495145631067961,9.076460479532631,0.1242839994458802,0.3979523897749707,15.918095590998826,0.1599380229906135
ctabpfn-m-v3,concrete,784,0.9,0.941747572815534,12.586241087867219,0.16808548461361136,0.36218451918907546,14.487380767563016,0.14198705586983926
ctabpfn-m-v3,concrete,786,0.9,0.9223300970873787,10.230201709617688,0.14284001270061,0.4787348691583838,19.14939476633535,0.1296084772389365
ctabpfn-m-v3,energy_efficiency,777,0.9,0.9155844155844156,1.1817441513011981,0.03270811379189588,0.040780036217206495,1.6312014486882593,0.029561109430279203
ctabpfn-m-v3,energy_efficiency,778,0.9,0.8636363636363636,1.0021683736280962,0.027745525294244077,0.03129080266147467,1.2516321064589866,0.031222975313742806
ctabpfn-m-v3,energy_efficiency,779,0.9,0.922077922077922,1.1144395246134176,0.030160744915112787,0.03092102394475567,1.2368409577902264,0.028935639416970242
ctabpfn-m-v3,energy_efficiency,780,0.9,0.948051948051948,1.1112187775698574,0.029960064102719258,0.037774545883203475,1.510981835328139,0.0257431714531124
ctabpfn-m-v3,energy_efficiency,781,0.9,0.8571428571428571,0.9519301234901726,0.025762655574835522,0.03971574041750524,1.5886296167002094,0.02952119103486905
ctabpfn-m-v3,energy_efficiency,782,0.9,0.8701298701298701,0.9400013669744715,0.02587397101498683,0.035623142208371865,1.4249256883348747,0.0278289147554585
ctabpfn-m-v3,energy_efficiency,783,0.9,0.9090909090909091,0.9893461790951815,0.026674202725672187,0.02664222393717087,1.0656889574868345,0.025932819261670133
ctabpfn-m-v3,energy_efficiency,784,0.9,0.8376623376623377,0.8842886608916444,0.023970958549515975,0.04069012881873492,1.6276051527493967,0.028261419334995163
ctabpfn-m-v3,energy_efficiency,785,0.9,0.8766233766233766,1.0035488543572364,0.027352108322628407,0.03632146778044766,1.452858711217906,0.029599760514522414
ctabpfn-m-v3,energy_efficiency,786,0.9,0.8441558441558441,0.830020709471269,0.024298030136746755,0.036907807464723455,1.476312298588938,0.025950398489451413
ctabpfn-m-v3,airfoil,777,0.9,0.8737541528239202,2.5062273855621235,0.07437538610446404,0.09329673211994369,3.731869284797746,0.07882922918601404
ctabpfn-m-v3,airfoil,778,0.9,0.9368770764119602,2.7166874527535168,0.0859085935159067,0.09093467664243374,3.6373870656973493,0.07359011187210893
ctabpfn-m-v3,airfoil,779,0.9,0.8438538205980066,2.2080492292131697,0.06234257239858742,0.09274378338683878,3.7097513354735505,0.06969524899202353
ctabpfn-m-v3,airfoil,780,0.9,0.9003322259136213,2.515774926473928,0.06894989794924024,0.10184802395640019,4.073920958256007,0.06875015692086318
ctabpfn-m-v3,airfoil,781,0.9,0.8970099667774086,2.7454605356007318,0.07536676555398956,0.09476762755131007,3.7907051020524016,0.07576892933088769
ctabpfn-m-v3,airfoil,782,0.9,0.9136212624584718,2.4977306480027512,0.07439035763648891,0.09457198194332694,3.782879277733076,0.072334438571346
ctabpfn-m-v3,airfoil,783,0.9,0.8338870431893688,2.1935354340512094,0.06151594127688626,0.09630744538671546,3.852297815468617,0.07175688285143278
ctabpfn-m-v3,airfoil,785,0.9,0.8637873754152824,2.3097285527327527,0.0680653195241573,0.08759743418646018,3.503897367458406,0.07336168720178046
ctabpfn-m-v3,airfoil,784,0.9,0.8803986710963455,2.354825650338715,0.06389086605905839,0.09229928771364329,3.691971508545731,0.06787419625697244
ctabpfn-m-v3,airfoil,786,0.9,0.9534883720930233,3.1036258836917305,0.08843246762285532,0.0941302711765632,3.765210847062527,0.07675022321992797
ctabpfn-q-v3,miami_housing,778,0.9,0.9024040186580553,157850.52790579028,0.06251258481081552,5346.759589934855,213870.38359739416,0.06221523302725591
ctabpfn-q-v3,miami_housing,777,0.9,0.9027628274129889,156833.5685268658,0.06108891384990683,5243.75213617353,209750.08544694114,0.06038415210958402
ctabpfn-q-v3,miami_housing,780,0.9,0.9088625762468604,160193.6059298753,0.062138714480168854,5381.578391653773,215263.1356661509,0.059462259658652414
ctabpfn-q-v3,miami_housing,779,0.9,0.8966630785791173,152932.6715806647,0.059322215508403685,5484.8734798983005,219394.939195932,0.05983346217522087
ctabpfn-q-v3,miami_housing,782,0.9,0.9006099748833871,154403.42089107912,0.059892715628812696,5125.051226607353,205002.04906429406,0.059867615729718535
ctabpfn-q-v3,miami_housing,781,0.9,0.894151417294582,145404.8180657405,0.056402179234189484,5252.825524862925,210113.02099451696,0.05751269131102879
ctabpfn-q-v3,miami_housing,784,0.9,0.8959454610692501,155168.3187385069,0.06018941766427731,5332.459737277708,213298.38949110828,0.06085778757554569
ctabpfn-q-v3,miami_housing,783,0.9,0.8812343021169716,144100.49204173393,0.055961356132712206,5299.267721017784,211970.70884071133,0.05924398889593825
ctabpfn-q-v3,miami_housing,785,0.9,0.8991747398636527,151654.0565880651,0.058826243827798726,5370.438287066628,214817.53148266504,0.059082386515204546
ctabpfn-q-v3,naval_propulsion,778,0.9,0.8986175115207373,0.0024005264000109563,0.0013647108584485253,7.395362293103464e-05,0.002958144917241384,0.0013691268995651756
ctabpfn-q-v3,miami_housing,786,0.9,0.9106566200215285,161335.05646752781,0.06265439086117586,5245.391356913798,209815.65427655185,0.060187562450498736
ctabpfn-q-v3,naval_propulsion,777,0.9,0.9069962295768748,0.0025205524629711555,0.0014353943410997467,7.447988965681612e-05,0.0029791955862726437,0.0014024601601106807
ctabpfn-q-v3,naval_propulsion,779,0.9,0.8944281524926686,0.002475773365516567,0.0014090912723486435,7.731308115417626e-05,0.0030925232461670497,0.0014443795731144534
ctabpfn-q-v3,naval_propulsion,781,0.9,0.9107666527021365,0.0026333771636658848,0.001495387372893745,7.884231067110805e-05,0.0031536924268443203,0.0014386561398386938
ctabpfn-q-v3,naval_propulsion,780,0.9,0.9057394218684541,0.0024699705243610066,0.0014041901787157514,7.438866494150886e-05,0.0029755465976603534,0.00138868629588835
ctabpfn-q-v3,naval_propulsion,782,0.9,0.8814411395056556,0.0024336860720013593,0.0013843493014797266,7.60341747708783e-05,0.003041366990835131,0.0014598086815622343
ctabpfn-q-v3,naval_propulsion,783,0.9,0.915793883535819,0.0027933794182616396,0.0015862461205347186,7.990847104106128e-05,0.0031963388416424497,0.0015073740845155598
ctabpfn-q-v3,naval_propulsion,784,0.9,0.9019689987431923,0.0025687915295250106,0.0014603703976833488,7.916504460857857e-05,0.0031666017843431414,0.0014537412429676386
ctabpfn-q-v3,naval_propulsion,786,0.9,0.8873062421449518,0.002420264548670062,0.0013720320570691962,7.531883212053781e-05,0.003012753284821511,0.0014251396157754668
ctabpfn-q-v3,naval_propulsion,785,0.9,0.88353581901969,0.002487140139202019,0.0014155606939112231,7.924713504316913e-05,0.0031698854017267646,0.0014848804759550096
ctabpfn-q-v3,computer,777,0.9,0.9023794996949359,6.278234802127393,0.06341651315280195,0.20295660148821937,8.118264059528773,0.06276795464035909
ctabpfn-q-v3,computer,780,0.9,0.9017693715680293,6.134914796915339,0.061968836332478176,0.19869224266208774,7.947689706483507,0.06190152932655652
ctabpfn-q-v3,computer,779,0.9,0.9377669310555217,6.774095309078875,0.06842520514221086,0.19882526446072488,7.9530105784289935,0.06107311943718787
ctabpfn-q-v3,computer,778,0.9,0.8718730933496034,5.659571273069399,0.057167386596660597,0.21607831697263252,8.643132678905298,0.061511538939869624
ctabpfn-q-v3,computer,784,0.9,0.8895668090298963,5.919820918696475,0.05979617089592399,0.20197049500630937,8.078819800252374,0.0619324012265356
ctabpfn-q-v3,computer,781,0.9,0.8962782184258694,5.920585527079654,0.05980389421292579,0.2042890592218537,8.171562368874145,0.060994870235369196
ctabpfn-q-v3,computer,783,0.9,0.9182428309945089,6.039105490259167,0.061001065558173403,0.18627717813171218,7.451087125268486,0.057637611020556215
ctabpfn-q-v3,computer,782,0.9,0.8974984746796827,6.130927327495293,0.06192855886358882,0.20933748167633215,8.373499267053283,0.062377781130375766
ctabpfn-q-v3,computer,785,0.9,0.8956680902989628,6.012254993096585,0.06072984841511702,0.2048954549397253,8.195818197589011,0.06146798444464895
ctabpfn-q-v3,parkinsons,777,0.9,0.9063829787234042,7.111534606446611,0.1481816679122898,0.21444176722311475,8.577670688924586,0.14486673951928486
ctabpfn-q-v3,parkinsons,778,0.9,0.9285106382978724,7.242741149334197,0.15091559320999745,0.20662806689136592,8.265122675654636,0.1442353651629817
ctabpfn-q-v3,computer,786,0.9,0.9097010372178157,6.1254931721038535,0.06187366840508943,0.20152251302214064,8.060900520885623,0.06018955830334218
ctabpfn-q-v3,parkinsons,779,0.9,0.8953191489361703,6.959830571844223,0.14515372011020736,0.20312578920234525,8.125031568093807,0.14640528518797305
ctabpfn-q-v3,parkinsons,780,0.9,0.9097872340425532,7.1345211966494295,0.1486606350360358,0.20462379570356337,8.18495182814253,0.1459945856058073
ctabpfn-q-v3,parkinsons,782,0.9,0.9268085106382978,7.248381699095381,0.1510331242518624,0.19797877406554532,7.919150962621812,0.14516415018743284
ctabpfn-q-v3,parkinsons,781,0.9,0.857872340425532,6.584766691897777,0.13720550699903689,0.2194943515934235,8.779774063736937,0.1450370391370732
ctabpfn-q-v3,parkinsons,785,0.9,0.9029787234042553,7.048247700143368,0.146862970914806,0.20983198993634172,8.393279597453667,0.14659061974490714
ctabpfn-q-v3,parkinsons,784,0.9,0.9276595744680851,7.134019830581989,0.14865018816848619,0.20013084038949525,8.005233615579808,0.14254014672037782
ctabpfn-q-v3,parkinsons,783,0.9,0.8910638297872341,6.89102431398757,0.14358693769769065,0.21349955250184083,8.539982100073631,0.14514294024799682
ctabpfn-q-v3,parkinsons,786,0.9,0.902127659574468,7.137466822685079,0.14872201247468494,0.20352070585843357,8.14082823433734,0.14837738827932842
ctabpfn-q-v3,kin8nm,777,0.9,0.8785845027455765,0.19647649078288407,0.1451796393435004,0.006458103391158232,0.2583241356463293,0.15264491285955215
ctabpfn-q-v3,kin8nm,778,0.9,0.8950579621720561,0.2060961136168245,0.14640524547736666,0.006547969786432899,0.26191879145731595,0.1489815441356976
ctabpfn-q-v3,kin8nm,780,0.9,0.9090909090909091,0.19684314951209705,0.14496774815425115,0.005924225759928073,0.23696903039712286,0.14194002369832817
ctabpfn-q-v3,kin8nm,779,0.9,0.9035997559487492,0.20716835561141944,0.14606239142215352,0.006426827509480489,0.25707310037921943,0.14443996958356703
ctabpfn-q-v3,kin8nm,781,0.9,0.87248322147651,0.1894448162002524,0.1358220509835231,0.006304130561951001,0.25216522247804,0.14685957283909695
ctabpfn-q-v3,kin8nm,782,0.9,0.9029896278218426,0.200665030598895,0.1447982342168098,0.006224934594942069,0.24899738379768274,0.14353680532970348
ctabpfn-q-v3,kin8nm,783,0.9,0.9133618059792556,0.20578217219113576,0.1494456904781869,0.006133681585494023,0.24534726341976087,0.14506076361368406
ctabpfn-q-v3,kin8nm,784,0.9,0.9121415497254424,0.20457158603633302,0.1499171410906713,0.0061522549894348615,0.2460901995773944,0.1458779120293534
ctabpfn-q-v3,sulfur,778,0.9,0.9142290530490828,0.05921722904663121,0.07491224287608567,0.0019070761447427251,0.07628304578970899,0.07281395092063955
ctabpfn-q-v3,sulfur,777,0.9,0.9082796232027764,0.05901427092051423,0.06918875394282197,0.0018861828631886314,0.07544731452754522,0.06802409132542553
ctabpfn-q-v3,kin8nm,785,0.9,0.924954240390482,0.2113465900675526,0.15183628431982682,0.006198647506914802,0.247945900276592,0.14144046002922483
ctabpfn-q-v3,kin8nm,786,0.9,0.8950579621720561,0.1992873548461287,0.1415684827566818,0.006283757338034124,0.2513502935213649,0.14462474546607704
ctabpfn-q-v3,sulfur,782,0.9,0.8899355478433317,0.051468551517732025,0.05956656669309106,0.0019162159451232477,0.07664863780492989,0.06089599768333448
ctabpfn-q-v3,sulfur,780,0.9,0.9261279127416956,0.06049926652149175,0.060889200964468204,0.0018193579704556622,0.07277431881822646,0.057212058118744025
ctabpfn-q-v3,sulfur,779,0.9,0.9043133366385722,0.05494332182467913,0.06950557355036273,0.0017702629018116615,0.07081051607246644,0.06864019015289366
ctabpfn-q-v3,sulfur,781,0.9,0.8904313336638572,0.051741201604172095,0.05988211529663422,0.001878159282101194,0.07512637128404775,0.061279938773755156
ctabpfn-q-v3,sulfur,784,0.9,0.9127416955875062,0.059482927256550994,0.06259759583238288,0.0018311416809441332,0.0732456672377653,0.061021178001017945
ctabpfn-q-v3,sulfur,785,0.9,0.8869608329201785,0.05535579057223125,0.06422090908295087,0.002026678438308695,0.08106713753234776,0.0665391182626432
ctabpfn-q-v3,sulfur,783,0.9,0.9072880515617253,0.05710229425607075,0.06022641930466146,0.0017973260164331354,0.07189304065732541,0.05917308560324923
ctabpfn-q-v3,sulfur,786,0.9,0.9077838373822509,0.055913426460296164,0.0658863850143833,0.0017530994011631103,0.0701239760465244,0.064572195605866
ctabpfn-q-v3,powerplant,778,0.9,0.9143155694879833,7.802750957174112,0.1033476947970081,0.2807686787986955,11.230747151947815,0.0983554046042521
ctabpfn-q-v3,powerplant,777,0.9,0.8913270637408568,7.472834891037258,0.10660249487927612,0.2584933675767984,10.339734703071937,0.10980380527833637
ctabpfn-q-v3,powerplant,779,0.9,0.9038662486938349,7.3707511527162115,0.09762584308233392,0.25872774010541677,10.349109604216668,0.09656110815991077
ctabpfn-q-v3,powerplant,780,0.9,0.9090909090909091,7.997063870963133,0.11473549312716119,0.2780695670674962,11.122782682699844,0.11105517880897986
ctabpfn-q-v3,powerplant,781,0.9,0.8944618599791013,7.249609537632861,0.10275846261704975,0.3062920634749043,12.25168253899617,0.10588071441270912
ctabpfn-q-v3,powerplant,784,0.9,0.8996865203761756,7.53677030142821,0.10730026055564079,0.26998063823895263,10.799225529558104,0.10733180581166275
ctabpfn-q-v3,powerplant,782,0.9,0.8876698014629049,7.299461691606257,0.09739108327693473,0.28093181677871126,11.237272671148448,0.10156306229159597
ctabpfn-q-v3,powerplant,783,0.9,0.9137931034482759,7.781779369964121,0.111009691440287,0.24532314711105369,9.812925884442146,0.10632461496297828
ctabpfn-q-v3,powerplant,786,0.9,0.8808777429467085,7.365122429380347,0.0986752737055245,0.28933808353627377,11.57352334145095,0.10361509429192722
ctabpfn-q-v3,powerplant,785,0.9,0.88662486938349,7.155668029466268,0.101918074768071,0.28923788295893343,11.569515318357334,0.10536893858443815
ctabpfn-q-v3,debutanizer,777,0.9,0.8956158663883089,0.06406917049168435,0.06455042164170458,0.0026595503723997648,0.10638201489599056,0.0661115333417428
ctabpfn-q-v3,debutanizer,778,0.9,0.9039665970772442,0.058540044924038186,0.06421269734808366,0.00224968031863955,0.089987212745582,0.06373479825982781
ctabpfn-q-v3,debutanizer,780,0.9,0.8830897703549061,0.05320261386373821,0.053838387069571815,0.0021435536942060133,0.08574214776824052,0.05620037620501157
ctabpfn-q-v3,debutanizer,779,0.9,0.9394572025052192,0.07329514929451172,0.07370119645522626,0.002464382978443379,0.09857531913773514,0.06483473704050936
ctabpfn-q-v3,debutanizer,781,0.9,0.9164926931106472,0.06457825372382485,0.06458096870774932,0.002480042038793793,0.09920168155175169,0.06055334588148399
ctabpfn-q-v3,debutanizer,782,0.9,0.9269311064718163,0.07217847133329476,0.07303034104950076,0.0021901558238551244,0.08760623295420496,0.06707125076442333
ctabpfn-q-v3,debutanizer,784,0.9,0.8977035490605428,0.049674606879848385,0.05007058358092224,0.0017478710723038077,0.06991484289215232,0.0523234589246171
ctabpfn-q-v3,debutanizer,785,0.9,0.8997912317327766,0.05487984556428668,0.05529061558172182,0.002020450538018734,0.08081802152074936,0.055433332299701654
ctabpfn-q-v3,debutanizer,783,0.9,0.9102296450939458,0.06448019753426064,0.06544856866586966,0.0024904227863238836,0.09961691145295533,0.06344976253699311
ctabpfn-q-v3,debutanizer,786,0.9,0.9018789144050104,0.059345057010208306,0.059347080152170696,0.0020874332649070235,0.08349733059628091,0.05934005939709209
ctabpfn-q-v3,insurance,778,0.9,0.8955223880597015,584.1733084151994,0.009326772065910696,709.2712059943265,28370.848239773066,0.08385735066051203
ctabpfn-q-v3,insurance,777,0.9,0.8619402985074627,368.7910998899545,0.006261359483827065,776.5353985303645,31061.41594121459,0.21411603093408288
ctabpfn-q-v3,insurance,779,0.9,0.9104477611940298,6597.618991453256,0.1053352438058498,628.0012474377714,25120.04989751086,0.08637875903078979
ctabpfn-q-v3,insurance,780,0.9,0.8880597014925373,431.72736415578356,0.009081892347058996,535.1056904598153,21404.22761839261,0.009993273189506834
ctabpfn-q-v3,insurance,781,0.9,0.8768656716417911,393.1102654756005,0.0063979169710723935,719.9838644531798,28799.35457812719,0.008049060301503909
ctabpfn-q-v3,insurance,783,0.9,0.9067164179104478,9563.217529069132,0.17709838733391728,524.3834521078355,20975.338084313422,0.14813828874330925
ctabpfn-q-v3,insurance,782,0.9,0.9104477611940298,481.3903999897971,0.007685164258159551,571.1488671646528,22845.954686586116,0.007188563614245449
ctabpfn-q-v3,insurance,784,0.9,0.8694029850746269,521.3961705449801,0.009094836083290661,635.8016601410732,25432.066405642934,0.011732146819838033
ctabpfn-q-v3,insurance,785,0.9,0.9216417910447762,7681.55712526236,0.1616192682546714,533.1257863180679,21325.031452722716,0.07977737053185423
ctabpfn-q-v3,insurance,786,0.9,0.9291044776119403,10487.69525556422,0.18260215176556754,532.1638118252065,21286.55247300825,0.0866290606814723
ctabpfn-q-v3,concrete,777,0.9,0.8737864077669902,9.505433759643036,0.12638523812848076,0.3341099060681261,13.36439624272504,0.13340609012791463
ctabpfn-q-v3,concrete,778,0.9,0.9077669902912622,8.739035383011531,0.12058831769023777,0.29344480127385525,11.737792050954207,0.11109864309032365
ctabpfn-q-v3,concrete,781,0.9,0.8543689320388349,7.849819995824573,0.10533843257950314,0.3541377730855665,14.165510923422659,0.11801098584696343
ctabpfn-q-v3,concrete,779,0.9,0.8883495145631068,9.678120942949091,0.13226897557672668,0.36564915467813186,14.62596618712527,0.14597057480684195
ctabpfn-q-v3,concrete,780,0.9,0.8592233009708737,10.274870279923226,0.13230582384655198,0.4269002221394511,17.076008885578045,0.15301012292055163
ctabpfn-q-v3,concrete,782,0.9,0.9466019417475728,12.35437601283916,0.1633528495681497,0.3342850837776963,13.371403351107848,0.1334539036196384
ctabpfn-q-v3,concrete,783,0.9,0.9368932038834952,11.775838691343381,0.15975903800492988,0.3524219108915445,14.096876435661779,0.14229923436757497
ctabpfn-q-v3,concrete,784,0.9,0.9563106796116505,12.646411288927482,0.16888903964913837,0.3565240611985906,14.26096244794362,0.14150544040197544
ctabpfn-q-v3,concrete,785,0.9,0.8543689320388349,9.152687674587213,0.1253277786469562,0.3973831075834997,15.895324303339986,0.16054400763380983
ctabpfn-q-v3,concrete,786,0.9,0.9174757281553398,10.268067903889035,0.1433687224782049,0.47770214047246773,19.10808561889871,0.13354860531841245
ctabpfn-q-v3,energy_efficiency,778,0.9,0.8571428571428571,0.9872317035476883,0.027331996222250503,0.03125971659437406,1.250388663774962,0.03105605986080706
ctabpfn-q-v3,energy_efficiency,777,0.9,0.9155844155844156,1.186199086053031,0.032831416718877134,0.04089127334681425,1.6356509338725695,0.0296146413567296
ctabpfn-q-v3,energy_efficiency,780,0.9,0.948051948051948,1.1205546360511285,0.030211772338935787,0.0379259851845828,1.5170394073833118,0.025896280932439873
ctabpfn-q-v3,energy_efficiency,779,0.9,0.922077922077922,1.115165951964143,0.030180404653968686,0.030894259756261665,1.2357703902504664,0.02890808329196426
ctabpfn-q-v3,energy_efficiency,781,0.9,0.8506493506493507,0.9456452115789636,0.025592563236237174,0.03990565648326626,1.5962262593306502,0.028941764670636985
ctabpfn-q-v3,energy_efficiency,782,0.9,0.8441558441558441,0.9110118011375526,0.02507601984964362,0.03628946908108602,1.4515787632434405,0.02840328079007614
ctabpfn-q-v3,energy_efficiency,783,0.9,0.9285714285714286,1.00867519440589,0.027195340911455645,0.026689161650546203,1.0675664660218478,0.02638972932740876
ctabpfn-q-v3,energy_efficiency,784,0.9,0.8246753246753247,0.8751101369981642,0.02372215063697924,0.040540705377405374,1.6216282150962147,0.028092551074776352
ctabpfn-q-v3,energy_efficiency,786,0.9,0.8571428571428571,0.8250847079537131,0.02415353360520238,0.036437497371202936,1.4574998948481173,0.02523245203511175
ctabpfn-q-v3,airfoil,777,0.9,0.8837209302325582,2.531186049958796,0.07511606522713586,0.09298316699563472,3.719326679825388,0.07876112828629976
ctabpfn-q-v3,energy_efficiency,785,0.9,0.8766233766233766,1.0011758990102,0.027287432515949846,0.03672984374033944,1.4691937496135774,0.030005434176011418
ctabpfn-q-v3,airfoil,778,0.9,0.9368770764119602,2.686391051029446,0.08495054394046886,0.09062321865043765,3.624928746017506,0.07334041431123675
ctabpfn-q-v3,airfoil,779,0.9,0.840531561461794,2.165432318500506,0.06113931668926833,0.09319072135342316,3.7276288541369254,0.06976639385207241
ctabpfn-q-v3,airfoil,782,0.9,0.9169435215946844,2.512503183561306,0.07483033069934794,0.09462000079487647,3.7848000317950583,0.07230890641266277
ctabpfn-q-v3,airfoil,780,0.9,0.9036544850498339,2.526759176159222,0.06925094351849213,0.10220344540922346,4.088137816368938,0.06781172888623437
ctabpfn-q-v3,airfoil,781,0.9,0.8970099667774086,2.741768719746029,0.07526541999961649,0.09466694235564069,3.7866776942256264,0.07552561122060583
ctabpfn-q-v3,airfoil,783,0.9,0.8372093023255814,2.1829877834383433,0.06122014087829783,0.09628178504614335,3.851271401845733,0.07176104806931694
ctabpfn-q-v3,airfoil,784,0.9,0.8803986710963455,2.330438784982675,0.06322920435691116,0.09202505779583192,3.6810023118332755,0.06729569646321759
ctabpfn-q-v3,airfoil,786,0.9,0.9501661129568106,3.1509255951029123,0.08978019133527787,0.09482563102443356,3.7930252409773417,0.07670476913798224
ctabpfn-q-v3,airfoil,785,0.9,0.8837209302325582,2.373373798357688,0.06994087930564298,0.08678318259407118,3.4713273037628465,0.07482403541144284
tabpfn-v3.5,miami_housing,779,0.9,0.8995335486185863,146551.10302296377,0.056846820412321086,5205.0291958198795,208201.16783279512,0.05695942930802918
tabpfn-v3.5,miami_housing,778,0.9,0.9049156799425906,149854.20038347685,0.05934584784106643,5131.867276361232,205274.69105444924,0.058284995840741795
tabpfn-v3.5,miami_housing,780,0.9,0.9070685324721923,147606.05432588805,0.05725603348560437,5032.902220129172,201316.08880516686,0.055653764750249905
tabpfn-v3.5,miami_housing,777,0.9,0.9024040186580553,148394.56315875045,0.05780180078633212,5043.137608974144,201725.50435896573,0.05751726169773121
tabpfn-v3.5,miami_housing,781,0.9,0.9045568711876569,141306.3288804606,0.05481238513594283,4987.844157829601,199513.76631318397,0.05377177293345088
tabpfn-v3.5,miami_housing,782,0.9,0.8991747398636527,146024.71027594636,0.056642633931709215,4741.287529503612,189651.50118014443,0.05681754413029317
tabpfn-v3.5,miami_housing,784,0.9,0.8991747398636527,145664.10599154557,0.05650275639703087,5068.041067834478,202721.6427133791,0.05667677928492019
tabpfn-v3.5,miami_housing,783,0.9,0.907427341227126,146423.57079184608,0.05686352263761013,4901.934726940933,196077.38907763726,0.05546048511746178
tabpfn-v3.5,naval_propulsion,778,0.9,1.0,0.007507231428276608,0.004267897344102677,0.0001876807857069153,0.007507231428276608,0.001405871377324338
tabpfn-v3.5,naval_propulsion,777,0.9,1.0,0.007398353085065417,0.004213185128169372,0.0001849588271266355,0.007398353085065417,0.0012922442843870871
tabpfn-v3.5,miami_housing,786,0.9,0.9199856476498026,158991.1819356611,0.06174414832452858,4971.74473973751,198869.78958950035,0.05746252940494143
tabpfn-v3.5,miami_housing,785,0.9,0.9020452099031216,144490.63809511796,0.05604757102215592,4891.994308921725,195679.77235686895,0.05572585890518073
tabpfn-v3.5,naval_propulsion,780,0.9,1.0,0.0072103252624261815,0.004099104754079694,0.0001802581315606546,0.0072103252624261815,0.0013847679598565402
tabpfn-v3.5,naval_propulsion,779,0.9,1.0,0.007702565069572167,0.004383930033905616,0.00019256412673930427,0.007702565069572167,0.0014539669394957075
tabpfn-v3.5,naval_propulsion,781,0.9,1.0,0.007525715363614969,0.004273546487004526,0.00018814288409037432,0.007525715363614969,0.0013223657976283326
tabpfn-v3.5,naval_propulsion,782,0.9,1.0,0.007580403102757694,0.004311947157427585,0.00018951007756894242,0.007580403102757694,0.001375431356960827
tabpfn-v3.5,naval_propulsion,784,0.9,1.0,0.007473100521447622,0.004248493758639922,0.0001868275130361906,0.007473100521447622,0.0014075440077054905
tabpfn-v3.5,naval_propulsion,783,0.9,1.0,0.007328438993573039,0.0041615212910693,0.00018321097483932602,0.007328438993573039,0.0014622759558351865
tabpfn-v3.5,naval_propulsion,785,0.9,0.9995810640971932,0.007228632638980816,0.00411419046043302,0.00018072699577827364,0.007229079831130944,0.0014556055075406074
tabpfn-v3.5,naval_propulsion,786,0.9,1.0,0.0075990313583704835,0.004307840906105716,0.00018997578395926214,0.0075990313583704835,0.001435449773396775
tabpfn-v3.5,computer,777,0.9,0.9121415497254424,5.6880256163775735,0.05745480420583408,0.1870780843107202,7.483123372428806,0.0570379686464968
tabpfn-v3.5,computer,778,0.9,0.9145820622330689,5.9365909073395,0.059965564720601015,0.20018283063642428,8.007313225456969,0.05943210427070275
tabpfn-v3.5,computer,779,0.9,0.9194630872483222,5.718391614981437,0.057761531464458955,0.17828897952378858,7.13155918095154,0.057126680870431226
tabpfn-v3.5,computer,780,0.9,0.9255643685173887,5.877999075452608,0.059373728034874826,0.18556018040411498,7.422407216164599,0.058459463058124855
tabpfn-v3.5,computer,781,0.9,0.9103111653447223,5.738826035871384,0.0579679397562766,0.19189455996132834,7.675782398453131,0.05758257945257777
tabpfn-v3.5,computer,782,0.9,0.9133618059792556,5.717707174590916,0.05775461792516077,0.18857588368701533,7.543035347480611,0.057439336031769386
tabpfn-v3.5,computer,784,0.9,0.9072605247101891,5.7411676506359015,0.05799159243066567,0.18855338696665416,7.5421354786661645,0.05768616632337618
tabpfn-v3.5,computer,783,0.9,0.9255643685173887,5.823138647504228,0.058819582298022505,0.18164767169457813,7.265906867783124,0.05803459876586806
tabpfn-v3.5,parkinsons,777,0.9,0.8961702127659574,6.955846028835215,0.14493761520326753,0.2131359593107346,8.525438372429381,0.14534377000028534
tabpfn-v3.5,parkinsons,778,0.9,0.9157446808510639,7.083950925786445,0.14760691210590193,0.20376764101458616,8.150705640583443,0.14517758520197083
tabpfn-v3.5,computer,785,0.9,0.9225137278828553,5.7128613470821135,0.0577056701725466,0.18998360419287927,7.599344167715169,0.05685252384995584
tabpfn-v3.5,computer,786,0.9,0.9212934716290421,5.765436820390386,0.05823673555949885,0.1917252894870533,7.669011579482129,0.05768722406664443
tabpfn-v3.5,parkinsons,779,0.9,0.9080851063829787,7.01066689836218,0.14621395883795318,0.19139065245023693,7.655626098009475,0.14493687315934806
tabpfn-v3.5,parkinsons,780,0.9,0.9097872340425532,7.0387772568236,0.14666563712334557,0.19477573576200774,7.7910294304803065,0.14513750900963887
tabpfn-v3.5,parkinsons,781,0.9,0.8723404255319149,6.848253270007194,0.14269572574610756,0.20364505533299554,8.145802213319818,0.14773305074568666
tabpfn-v3.5,parkinsons,782,0.9,0.9148936170212766,6.982392716103412,0.14549076337938432,0.1934214217808501,7.736856871234003,0.14257407048383314
tabpfn-v3.5,parkinsons,783,0.9,0.8970212765957447,6.948222650162717,0.1447787683397799,0.20257592764517607,8.10303710580704,0.14601763698358106
tabpfn-v3.5,parkinsons,784,0.9,0.9046808510638298,6.789136485647648,0.14146392077112122,0.19229612098563992,7.691844839425595,0.1407802699249764
tabpfn-v3.5,parkinsons,785,0.9,0.9029787234042553,7.057367894598778,0.14705300663858098,0.19980114246157388,7.992045698462952,0.14669414993938804
tabpfn-v3.5,parkinsons,786,0.9,0.8970212765957447,7.033505248617619,0.1465557853104188,0.202344890977819,8.093795639112757,0.14703742706449371
tabpfn-v3.5,kin8nm,777,0.9,0.9017693715680293,0.2054693697905708,0.15182462229180857,0.006321720211469793,0.25286880845879167,0.15164579838822162
tabpfn-v3.5,kin8nm,778,0.9,0.8999389871873094,0.20479698669417665,0.14548237996244417,0.006339861188464588,0.25359444753858346,0.14567229714154076
tabpfn-v3.5,kin8nm,780,0.9,0.9212934716290421,0.2028775624521736,0.14941187159732788,0.005870177386880126,0.23480709547520498,0.14147931667016098
tabpfn-v3.5,kin8nm,779,0.9,0.9090909090909091,0.20306052164361563,0.14316619595286098,0.0062006875314834405,0.24802750125933756,0.13953238997739076
tabpfn-v3.5,kin8nm,781,0.9,0.9035997559487492,0.20221248428184424,0.14497580298318513,0.006117337037126936,0.24469348148507736,0.1436798531405145
tabpfn-v3.5,kin8nm,782,0.9,0.9200732153752288,0.20590885399481085,0.1485821340124406,0.006115701126620791,0.24462804506483157,0.13930424138978073
tabpfn-v3.5,kin8nm,783,0.9,0.9151921903599756,0.2053318404824978,0.14911864497941985,0.006017462005109816,0.24069848020439258,0.1415152462442236
tabpfn-v3.5,kin8nm,784,0.9,0.9133618059792556,0.2047981755027253,0.15008319369680773,0.006093634708579295,0.2437453883431717,0.14403378204060793
tabpfn-v3.5,kin8nm,785,0.9,0.9212934716290421,0.20510485605805512,0.14735207807163575,0.006036634784586246,0.24146539138344975,0.1399066836167479
tabpfn-v3.5,kin8nm,786,0.9,0.9072605247101891,0.20334994007195184,0.14445443619278192,0.006067331877967886,0.24269327511871538,0.1420115110744431
tabpfn-v3.5,sulfur,777,0.9,0.9400099157164105,0.056846696807022624,0.06664747452596369,0.0016404792517188574,0.06561917006875427,0.06232075088933196
tabpfn-v3.5,sulfur,778,0.9,0.9365394149727317,0.05594431346718242,0.07077186936067648,0.001683899540667197,0.06735598162668785,0.06532289416754108
tabpfn-v3.5,sulfur,779,0.9,0.9380267724343084,0.055029990663994374,0.06961521321512075,0.001621374625156265,0.06485498500625057,0.06447163684831823
tabpfn-v3.5,sulfur,780,0.9,0.9499256321269212,0.05636067052965593,0.05672393058109728,0.0016678497930498744,0.06671399172199496,0.050117646127359645
tabpfn-v3.5,sulfur,781,0.9,0.9360436291522063,0.054154891057039696,0.06267557245699582,0.0017417972192610171,0.06967188877044066,0.058749117340912656
tabpfn-v3.5,sulfur,782,0.9,0.9355478433316807,0.05367788997440459,0.06212352045701537,0.0016591860754502446,0.06636744301800976,0.058072155361115034
tabpfn-v3.5,sulfur,783,0.9,0.9325731284085275,0.05558552594308732,0.05862666704258746,0.0016564765557466735,0.06625906222986692,0.054461329541466756
tabpfn-v3.5,sulfur,784,0.9,0.9310857709469509,0.05491433101226001,0.057789776943644955,0.0016667083977518998,0.06666833591007598,0.05505812180110117
tabpfn-v3.5,sulfur,785,0.9,0.9325731284085275,0.05801529148949082,0.06730632372246338,0.0018134090979929924,0.07253636391971968,0.06363192472161895
tabpfn-v3.5,sulfur,786,0.9,0.9365394149727317,0.05554139821650022,0.06544800021740847,0.0016286470713699213,0.06514588285479683,0.060839096634228644
tabpfn-v3.5,powerplant,777,0.9,0.9096133751306165,6.527232027601921,0.09311315303283765,0.22023394936429047,8.809357974571618,0.09075985138359044
tabpfn-v3.5,powerplant,778,0.9,0.9090909090909091,6.581586321568664,0.08717332876249886,0.25259623648106366,10.103849459242545,0.08384539905822655
tabpfn-v3.5,powerplant,779,0.9,0.9096133751306165,6.631310904412185,0.08783193250877067,0.23486863625585228,9.394745450234089,0.08466450419311705
tabpfn-v3.5,powerplant,780,0.9,0.9158829676071055,6.63478565116412,0.09519061192487978,0.2404022299707747,9.616089198830986,0.09019687193608761
tabpfn-v3.5,powerplant,781,0.9,0.9017763845350052,6.532850546522948,0.09259887379904956,0.2850432918313405,11.401731673253616,0.0923694817005995
tabpfn-v3.5,powerplant,782,0.9,0.9111807732497388,6.592868083447623,0.0879635501460657,0.24728135925101646,9.891254370040658,0.08531639008567816
tabpfn-v3.5,powerplant,783,0.9,0.9200626959247649,6.782255581304696,0.09675114951932516,0.21519752813357185,8.60790112534287,0.09017750210227733
tabpfn-v3.5,powerplant,784,0.9,0.9080459770114943,6.614085804332387,0.09416409174732895,0.23586137410864438,9.434454964345774,0.09097371517339152
tabpfn-v3.5,debutanizer,777,0.9,0.9498956158663883,0.05148007082660529,0.05186675982379843,0.001811974141085899,0.07247896564343595,0.04156531503325114
tabpfn-v3.5,debutanizer,778,0.9,0.9373695198329853,0.04663097173838812,0.051149610137292786,0.0013825449174006547,0.05530179669602617,0.042923780769525965
tabpfn-v3.5,powerplant,785,0.9,0.9049111807732497,6.588134781569398,0.09383470704414464,0.2672091308880751,10.688365235523001,0.09193277882914247
tabpfn-v3.5,powerplant,786,0.9,0.8923719958202717,6.581169917665679,0.08817215859680708,0.26402641328275533,10.561056531310212,0.09021818859494406
tabpfn-v3.5,debutanizer,780,0.9,0.954070981210856,0.0452376737752453,0.045778265652069335,0.0013968129707331292,0.05587251882932514,0.036281143495059356
tabpfn-v3.5,debutanizer,779,0.9,0.954070981210856,0.04993203863539706,0.050208656702373414,0.0013691814058944484,0.05476725623577791,0.041060413266186715
tabpfn-v3.5,debutanizer,781,0.9,0.9457202505219207,0.0477584465304759,0.047760454379978036,0.0014746342767205617,0.05898537106882245,0.03785489463770583
tabpfn-v3.5,debutanizer,783,0.9,0.9331941544885177,0.048313563248232036,0.04903914197943701,0.0016573037885197043,0.06629215154078816,0.04347204938253286
tabpfn-v3.5,debutanizer,784,0.9,0.9457202505219207,0.046220399993948155,0.04658884179271642,0.001395114389458211,0.055804575578328415,0.03697794569506826
tabpfn-v3.5,debutanizer,782,0.9,0.9561586638830898,0.04710390150781803,0.047659834412303786,0.0012983046650861256,0.051932186603444994,0.037089082110260733
tabpfn-v3.5,insurance,778,0.9,0.9067164179104478,7868.238180587541,0.1256224189183213,623.3686290535179,24934.745162140713,0.10609693529094812
tabpfn-v3.5,debutanizer,785,0.9,0.9331941544885177,0.04199612597032744,0.04231046266751861,0.0014774608331393816,0.05909843332557525,0.03562897821754679
tabpfn-v3.5,insurance,777,0.9,0.9104477611940298,7643.803339260728,0.12977699446941784,589.1414118379782,23565.656473519124,0.11795122423823905
tabpfn-v3.5,debutanizer,786,0.9,0.9519832985386222,0.04923272070412705,0.049234399104792534,0.0013620592077819714,0.05448236831127885,0.04042493641468501
tabpfn-v3.5,insurance,780,0.9,0.9477611940298507,8772.251600123163,0.1845346190400086,459.9861125380606,18399.444501522423,0.11482760829483035
tabpfn-v3.5,insurance,779,0.9,0.9440298507462687,8919.03519132244,0.14239815115239968,484.92492550309385,19396.99702012375,0.10952622708746058
tabpfn-v3.5,insurance,781,0.9,0.9253731343283582,7632.476930077396,0.12421948234595667,553.1353814632223,22125.415258528894,0.09139756056298382
tabpfn-v3.5,insurance,783,0.9,0.914179104477612,6169.801929075326,0.11425673090542887,597.1950048508191,23887.800194032767,0.09750824313368814
tabpfn-v3.5,insurance,782,0.9,0.9291044776119403,8240.735646717583,0.13155934778599157,525.0715646118531,21002.862584474115,0.08798399720576296
tabpfn-v3.5,insurance,784,0.9,0.9216417910447762,9055.213103337075,0.1579522127829125,560.9306699560366,22437.226798241456,0.13852197492632762
tabpfn-v3.5,insurance,786,0.9,0.9253731343283582,8975.460377479667,0.15627250202038867,526.1833904652248,21047.335618608984,0.11799107661777143
tabpfn-v3.5,concrete,777,0.9,0.8640776699029126,7.12535457240725,0.09473945715207088,0.3297628899453913,13.19051559781565,0.11114966525930489
tabpfn-v3.5,insurance,785,0.9,0.9365671641791045,8668.295122744432,0.18238014661716687,463.66397059164035,18546.55882366561,0.1323032119606082
tabpfn-v3.5,concrete,780,0.9,0.8640776699029126,7.77942028670635,0.10017280822439287,0.3810084347759636,15.24033739103854,0.11214378923850593
tabpfn-v3.5,concrete,778,0.9,0.9223300970873787,8.17676204153635,0.11282961282649855,0.28325239634050914,11.330095853620362,0.1022114984670656
tabpfn-v3.5,concrete,779,0.9,0.8737864077669902,8.103571088568678,0.11074991237622903,0.3167481716512477,12.669926866049906,0.1233891064633721
tabpfn-v3.5,concrete,783,0.9,0.9029126213592233,8.106114362050029,0.10997306148487355,0.31405424086792955,12.562169634717183,0.10987004912982641
tabpfn-v3.5,concrete,781,0.9,0.9223300970873787,8.484263430521326,0.11385216627108596,0.29196414311534,11.678565724613598,0.10308104816273289
tabpfn-v3.5,concrete,784,0.9,0.8980582524271845,9.027294863774939,0.12055682243289183,0.3049496251923367,12.197985007693466,0.12300343311730604
tabpfn-v3.5,concrete,782,0.9,0.9077669902912622,7.8392913133195306,0.10365319732010486,0.2456938927381942,9.827755709527766,0.10213890839286613
tabpfn-v3.5,energy_efficiency,777,0.9,0.9415584415584416,1.2117076353593306,0.033537438011606156,0.04137935112049053,1.6551740448196208,0.03209078229030252
tabpfn-v3.5,concrete,785,0.9,0.8592233009708737,8.781128244492614,0.12024001430224036,0.35851175275821134,14.340470110328452,0.1371564831997935
tabpfn-v3.5,energy_efficiency,778,0.9,0.9675324675324676,1.2489458709568173,0.03457768192017766,0.03241959102742084,1.2967836410968336,0.02854154950871527
tabpfn-v3.5,concrete,786,0.9,0.8883495145631068,8.300266515861438,0.11589313761325659,0.4208935453822312,16.83574181528925,0.12198529049839765
tabpfn-v3.5,energy_efficiency,781,0.9,0.9025974025974026,1.1223388801921497,0.030374529910477663,0.04235279908427944,1.694111963371177,0.02907223004166095
tabpfn-v3.5,energy_efficiency,780,0.9,0.9675324675324676,1.2072851905575046,0.032550153425653934,0.04030346673804444,1.6121386695217774,0.025657975327661068
tabpfn-v3.5,energy_efficiency,779,0.9,0.961038961038961,1.1689189006755878,0.03163515292762078,0.031920733730514336,1.2768293492205731,0.02766865683204203
tabpfn-v3.5,energy_efficiency,782,0.9,0.9025974025974026,1.195501791966426,0.032906738011737574,0.039138584353707054,1.5655433741482818,0.03144123923490799
tabpfn-v3.5,energy_efficiency,785,0.9,0.935064935064935,1.20114744174016,0.03273773348978359,0.038513239838860264,1.5405295935544105,0.027255566364443273
tabpfn-v3.5,energy_efficiency,786,0.9,0.948051948051948,1.0828343211830436,0.031698896990135936,0.03730540370012258,1.4922161480049028,0.028812581746253826
tabpfn-v3.5,energy_efficiency,783,0.9,0.9545454545454546,1.1342283998216902,0.03058043677060367,0.029961182312531913,1.1984472925012761,0.027816195462416052
tabpfn-v3.5,energy_efficiency,784,0.9,0.922077922077922,1.1351639636151203,0.03077159023082462,0.04358802919263967,1.7435211677055864,0.028857856276238388
tabpfn-v3.5,airfoil,779,0.9,0.9401993355481728,2.7841359895725186,0.07860793917139641,0.08599166464567978,3.4396665858271906,0.06266043707872683
tabpfn-v3.5,airfoil,781,0.9,0.9235880398671097,2.840910090956577,0.07798699052807119,0.08631589997250377,3.4526359989001496,0.07192054651810417
tabpfn-v3.5,airfoil,777,0.9,0.9269102990033222,2.743540589595554,0.08141794787653367,0.08696186324211452,3.4784745296845796,0.07623493461501495
tabpfn-v3.5,airfoil,780,0.9,0.9435215946843853,2.787248427685709,0.0763901780822131,0.08649047633579801,3.4596190534319193,0.06313741610428387
tabpfn-v3.5,airfoil,778,0.9,0.9368770764119602,2.635088999802092,0.083328242096009,0.08543458841013352,3.4173835364053398,0.07317152364968887
tabpfn-v3.5,airfoil,782,0.9,0.9368770764119602,2.5541232543134216,0.07606990869410954,0.0745719690417927,2.9828787616717074,0.06471052453478393
tabpfn-v3.5,airfoil,783,0.9,0.9102990033222591,2.708387001012251,0.07595454038398822,0.09745628828384548,3.898251531353818,0.0702305581417353
tabpfn-v3.5,airfoil,785,0.9,0.9335548172757475,2.722419941544137,0.08022690934001704,0.0893870264858106,3.5754810594324233,0.06797012148110175
tabpfn-v3.5,airfoil,784,0.9,0.9069767441860465,2.664592426084601,0.07229542355820064,0.08668238356580762,3.467295342632304,0.06647648598140157
tabpfn-v3.5,airfoil,786,0.9,0.9401993355481728,2.8062039245402692,0.07995794177513874,0.08723753562242884,3.489501424897152,0.06624319374640877
ctabpfn-a-v3.5,miami_housing,778,0.9,0.901686401148188,150719.66439608,0.059688592291822114,5164.277388460936,206571.0955384374,0.05913646260250521
ctabpfn-a-v3.5,miami_housing,780,0.9,0.9102978112665949,151571.67262905903,0.05879428728823081,5098.178478412609,203927.1391365043,0.05600970002939191
ctabpfn-a-v3.5,miami_housing,777,0.9,0.8998923573735199,148405.52120335487,0.05780606910113928,5047.22527667519,201889.01106700752,0.05784898193956575
ctabpfn-a-v3.5,miami_housing,779,0.9,0.9034804449228561,149486.95998161106,0.05798563226594688,5285.4622883589,211418.49153435594,0.05697929175789636
ctabpfn-a-v3.5,miami_housing,781,0.9,0.8916397560100466,139266.88826611274,0.05402129102642077,5000.988867993419,200039.5547197367,0.05618624717531765
ctabpfn-a-v3.5,miami_housing,783,0.9,0.8891280947255114,142931.1776888231,0.055507253471387616,4955.253826639309,198210.1530655723,0.05752170093142386
ctabpfn-a-v3.5,miami_housing,782,0.9,0.8927161822748475,146483.38614269375,0.056820553197321086,4823.095890168081,192923.83560672318,0.05843297820163804
ctabpfn-a-v3.5,miami_housing,784,0.9,0.8923573735199138,145623.00953366075,0.05648681517985289,5155.406338931312,206216.25355725244,0.05811766763147572
ctabpfn-a-v3.5,naval_propulsion,778,0.9,0.8990364474235442,0.004834832487043398,0.0027486256322020453,0.0001306305464168295,0.005225221856673178,0.0027341823386136934
ctabpfn-a-v3.5,naval_propulsion,777,0.9,0.8780896522832007,0.004565951779990402,0.0026002003302906616,0.0001258129708166141,0.005032518832664562,0.0028785363554015894
ctabpfn-a-v3.5,miami_housing,786,0.9,0.9102978112665949,156901.4787321717,0.0609326130998725,5095.863987444498,203834.55949777988,0.05794532096759019
ctabpfn-a-v3.5,miami_housing,785,0.9,0.901686401148188,145042.55415909804,0.05626165793603493,5039.050224851151,201562.00899404602,0.055925208283835126
ctabpfn-a-v3.5,naval_propulsion,780,0.9,0.8642647674905739,0.004551397563962193,0.002587491508790332,0.00012769258561515608,0.0051077034246062416,0.002883946374083065
ctabpfn-a-v3.5,naval_propulsion,779,0.9,0.9103477167993297,0.005080084175583105,0.0028913398836557225,0.0001342532940405556,0.005370131761622223,0.002785198255527364
ctabpfn-a-v3.5,naval_propulsion,781,0.9,0.8906577293674068,0.0047896112614612876,0.0027198246799893743,0.00012977111563055276,0.0051908446252221085,0.002771491965954683
ctabpfn-a-v3.5,naval_propulsion,782,0.9,0.8927524088814411,0.004943223636570864,0.0028118450719970783,0.00013410552647581203,0.005364221059032478,0.002883958302894584
ctabpfn-a-v3.5,naval_propulsion,783,0.9,0.8969417679095099,0.0047974252162690835,0.002724261905888179,0.00012992446478823005,0.005196978591529199,0.0027525789008051096
ctabpfn-a-v3.5,naval_propulsion,785,0.9,0.8860494344365312,0.004543262009072313,0.00258580649349591,0.0001245373206710183,0.00498149282684073,0.002761751417664846
ctabpfn-a-v3.5,naval_propulsion,786,0.9,0.8977796397151235,0.004946854017022568,0.0028043390119175554,0.00013387832917962847,0.005355133167185138,0.002799575215604628
ctabpfn-a-v3.5,naval_propulsion,784,0.9,0.88353581901969,0.004768814499851646,0.002711094087465404,0.00013004543253965407,0.005201817301586161,0.0028278071412911037
ctabpfn-a-v3.5,computer,777,0.9,0.9084807809640024,5.6877384341439505,0.05745190337519142,0.18756684798376821,7.502673919350727,0.057080172803951085
ctabpfn-a-v3.5,computer,778,0.9,0.8755338621110433,5.911647099994755,0.05971360707065409,0.20273615676430107,8.109446270572041,0.06091015791722602
ctabpfn-a-v3.5,computer,779,0.9,0.924954240390482,5.790794464493031,0.05849287337871748,0.18455821541186296,7.382328616474517,0.057313613328755966
ctabpfn-a-v3.5,computer,780,0.9,0.900549115314216,5.889117181701148,0.059486032138395435,0.18690043431436826,7.476017372574728,0.05946452375900655
ctabpfn-a-v3.5,computer,781,0.9,0.8840756558877364,5.738052162766238,0.05796012285622463,0.19350357217131195,7.740142886852476,0.05846266500949036
ctabpfn-a-v3.5,computer,782,0.9,0.9078706528370958,5.737571159319735,0.05795526423555288,0.1887845807245696,7.5513832289827825,0.05771428038186901
ctabpfn-a-v3.5,computer,783,0.9,0.9328859060402684,5.910024563519965,0.05969721781333298,0.18279139909022757,7.311655963609101,0.058424939473235855
ctabpfn-a-v3.5,computer,784,0.9,0.8913971934106162,5.750680538704659,0.058087682209137965,0.19175614014204284,7.670245605681712,0.05846986067795877
ctabpfn-a-v3.5,computer,785,0.9,0.9078706528370958,5.6940424096082465,0.057515579895032795,0.1910726006435432,7.642904025741726,0.05713986235663089
ctabpfn-a-v3.5,parkinsons,777,0.9,0.8970212765957447,6.9303951620548325,0.1444073004262134,0.21480835991490144,8.592334396596057,0.1449019310273305
ctabpfn-a-v3.5,parkinsons,778,0.9,0.9140425531914894,7.097968414793623,0.14789899180683497,0.20458215380518494,8.183286152207394,0.14592311516517148
ctabpfn-a-v3.5,computer,786,0.9,0.9182428309945089,5.808696210638934,0.058673699097362975,0.19000994131432725,7.600397652573088,0.05804970339238656
ctabpfn-a-v3.5,parkinsons,779,0.9,0.8961702127659574,7.00582519206595,0.14611298056365124,0.19283235930000472,7.713294372000187,0.1471695570556193
ctabpfn-a-v3.5,parkinsons,780,0.9,0.908936170212766,7.110496773821242,0.14816004279507505,0.20021869803075593,8.008747921230237,0.1461688733251873
ctabpfn-a-v3.5,parkinsons,781,0.9,0.8604255319148936,6.806760701524451,0.14183115314061617,0.20772350922401922,8.308940368960766,0.14771586058637037
ctabpfn-a-v3.5,parkinsons,782,0.9,0.931063829787234,7.147818396548008,0.14893770621245225,0.194330738619703,7.7732295447881175,0.1430256312484768
ctabpfn-a-v3.5,parkinsons,783,0.9,0.8774468085106383,6.919968042576567,0.144190032559105,0.20565054410634148,8.226021764253659,0.14736079276009528
ctabpfn-a-v3.5,parkinsons,784,0.9,0.9046808510638298,6.833291502607629,0.14238397029937552,0.19316154196102064,7.726461678440825,0.14165706856891733
ctabpfn-a-v3.5,parkinsons,785,0.9,0.8995744680851064,7.0845005672536,0.14761836487859645,0.20112420311696488,8.044968124678592,0.1477428394390994
ctabpfn-a-v3.5,parkinsons,786,0.9,0.9012765957446809,7.085909993191983,0.14764773281363525,0.20366448259093922,8.146579303637566,0.14742761825826403
ctabpfn-a-v3.5,kin8nm,777,0.9,0.884685784014643,0.20083243427815198,0.14839831605705434,0.0063791710826147955,0.2551668433045918,0.1531439693553512
ctabpfn-a-v3.5,kin8nm,779,0.9,0.9139719341061623,0.20933599731429747,0.14759066985992136,0.006244964667514053,0.2497985867005621,0.14160764670931295
ctabpfn-a-v3.5,kin8nm,778,0.9,0.8810250152532032,0.19890237094117347,0.14129500034053785,0.006417899543043714,0.2567159817217485,0.147198846900306
ctabpfn-a-v3.5,kin8nm,780,0.9,0.9103111653447223,0.19851302896933704,0.14619755302785303,0.005901994560492302,0.236079782419692,0.14229593714455685
ctabpfn-a-v3.5,kin8nm,781,0.9,0.8798047589993899,0.1914628367777857,0.13726886646924108,0.006225485473957168,0.24901941895828666,0.14612795752376134
ctabpfn-a-v3.5,kin8nm,783,0.9,0.9097010372178157,0.20108404698542445,0.1460337595133006,0.006001714484428182,0.24006857937712717,0.1428995238894201
ctabpfn-a-v3.5,kin8nm,782,0.9,0.9206833435021354,0.20535533114713164,0.14818271648212453,0.00613390319270779,0.24535612770831156,0.13893055457297668
ctabpfn-a-v3.5,kin8nm,784,0.9,0.9060402684563759,0.20267041787605158,0.14852389923903223,0.006129990494963077,0.24519961979852298,0.14691851049133553
ctabpfn-a-v3.5,kin8nm,785,0.9,0.9188529591214155,0.2084959239072193,0.14978829973922425,0.006112887495227011,0.24451549980908036,0.14177712707709264
ctabpfn-a-v3.5,kin8nm,786,0.9,0.8944478340451495,0.19892145729668625,0.14130855878429052,0.006117838030826316,0.24471352123305257,0.14358738983948022
ctabpfn-a-v3.5,sulfur,777,0.9,0.9028259791769956,0.05712471642343528,0.06697342671568339,0.001698081657063139,0.06792326628252553,0.06583405345633087
ctabpfn-a-v3.5,sulfur,778,0.9,0.8904313336638572,0.05575349020767527,0.0705304700484704,0.001743831314812545,0.06975325259250177,0.07041176992119295
ctabpfn-a-v3.5,sulfur,779,0.9,0.8988596926127913,0.05474229092697253,0.06925126115383476,0.0016560117364866228,0.06624046945946489,0.0676118038996766
ctabpfn-a-v3.5,sulfur,780,0.9,0.9241447694595935,0.05663059602769061,0.0569955958233433,0.001690998767745709,0.06763995070982835,0.053442155416229674
ctabpfn-a-v3.5,sulfur,781,0.9,0.8889439762022806,0.054078806063089194,0.0625875163191631,0.001794402520475022,0.07177610081900088,0.0624552536550886
ctabpfn-a-v3.5,sulfur,782,0.9,0.8839861179970253,0.05315589197531775,0.0615193917665945,0.0017425426554097006,0.069701706216388,0.06148866012640908
ctabpfn-a-v3.5,sulfur,783,0.9,0.9053049082796232,0.05586207681854963,0.05891834829991091,0.0017605290618265274,0.07042116247306107,0.05772239180665247
ctabpfn-a-v3.5,sulfur,784,0.9,0.9028259791769956,0.05590752370763583,0.05883497558796627,0.001769827131232527,0.07079308524930106,0.0583158993120099
ctabpfn-a-v3.5,sulfur,785,0.9,0.8770451165096679,0.056949046988272925,0.06606932230915034,0.0019277083460866847,0.07710833384346737,0.06725544584630457
ctabpfn-a-v3.5,sulfur,786,0.9,0.9152206246901339,0.05626392671054605,0.06629940199255044,0.0017161507104232817,0.06864602841693125,0.06423003813289284
ctabpfn-a-v3.5,powerplant,777,0.9,0.8892371995820272,6.210206226121669,0.08859067369645746,0.22455090848629755,8.9820363394519,0.09160709807451405
ctabpfn-a-v3.5,powerplant,778,0.9,0.9179728317659352,6.879656864433328,0.09112128297262687,0.254577874051117,10.183114962044677,0.08410571322585614
ctabpfn-a-v3.5,powerplant,779,0.9,0.8928944618599791,6.315275281947982,0.08364603022447659,0.238044328041834,9.521773121673359,0.08623121755889346
ctabpfn-a-v3.5,powerplant,780,0.9,0.9012539184952978,6.507723896979289,0.09336763123356227,0.24534480071989612,9.813792028795842,0.09305050614088843
ctabpfn-a-v3.5,powerplant,781,0.9,0.8908045977011494,6.453333919449411,0.09147177773847498,0.29033796216751473,11.613518486700587,0.09363360001063435
ctabpfn-a-v3.5,powerplant,782,0.9,0.9043887147335423,6.55246450011633,0.08742447631909715,0.2501745074520292,10.006980298081164,0.08631072497058166
ctabpfn-a-v3.5,powerplant,783,0.9,0.9096133751306165,6.684772184525413,0.09536051618438532,0.21746532197033486,8.698612878813389,0.09035674562713061
ctabpfn-a-v3.5,powerplant,784,0.9,0.8949843260188087,6.366109515183149,0.09063367760796054,0.23825784067375153,9.53031362695006,0.09316239272888359
ctabpfn-a-v3.5,debutanizer,777,0.9,0.8768267223382046,0.056380121948757446,0.05680361734159449,0.0020824526418106145,0.08329810567242457,0.06525930778958047
ctabpfn-a-v3.5,debutanizer,778,0.9,0.9144050104384134,0.05112467748637939,0.05607876534278562,0.001632746235798979,0.06530984943195915,0.05327092765498639
ctabpfn-a-v3.5,powerplant,785,0.9,0.9054336468129571,6.662189926099628,0.09488947338127937,0.26968878256739015,10.7875513026956,0.09324946925002776
ctabpfn-a-v3.5,debutanizer,779,0.9,0.9436325678496869,0.055041879197142214,0.05534680522544713,0.0018103777017234928,0.07241510806893968,0.04723848677293285
ctabpfn-a-v3.5,powerplant,786,0.9,0.8892371995820272,6.624265872074394,0.08874954276627003,0.26621484140617363,10.648593656246943,0.0923813543878139
ctabpfn-a-v3.5,debutanizer,780,0.9,0.872651356993737,0.04940500337191097,0.04999539499173679,0.0016546489617068319,0.06618595846827326,0.05483640189452961
ctabpfn-a-v3.5,debutanizer,781,0.9,0.9269311064718163,0.05345687127501037,0.053459118696360365,0.0017594546756567117,0.07037818702626845,0.04604102037741661
ctabpfn-a-v3.5,debutanizer,782,0.9,0.9269311064718163,0.052556312612368726,0.05317659633801312,0.001641215742517663,0.0656486297007065,0.04772711464768572
ctabpfn-a-v3.5,debutanizer,783,0.9,0.9102296450939458,0.05295662242396188,0.05375193115972741,0.0018789216190355854,0.0751568647614234,0.052417845851366406
ctabpfn-a-v3.5,insurance,777,0.9,0.835820895522388,8591.713572032417,0.14587067657712807,612.1457366203651,24485.829464814597,0.1845233293235451
ctabpfn-a-v3.5,debutanizer,784,0.9,0.8956158663883089,0.049343494005989294,0.049736831270302415,0.001416028361658155,0.056641134466326175,0.049886392520595894
ctabpfn-a-v3.5,debutanizer,785,0.9,0.8851774530271399,0.04597941268330716,0.046323563873154346,0.0015616517962456554,0.06246607184982621,0.048492103380255565
ctabpfn-a-v3.5,debutanizer,786,0.9,0.8810020876826722,0.05499379268588813,0.054995667488192804,0.001622356001533586,0.06489424006134342,0.060159056201824664
ctabpfn-a-v3.5,insurance,780,0.9,0.9291044776119403,8939.820971133104,0.1880596376386155,469.0119624824002,18760.478499296005,0.1516810489382711
ctabpfn-a-v3.5,insurance,778,0.9,0.8992537313432836,7001.860902245365,0.11179004540556511,615.5524046130373,24622.096184521488,0.12001020751612944
ctabpfn-a-v3.5,insurance,781,0.9,0.8917910447761194,8358.446867530025,0.136034730614015,529.5684672018207,21182.738688072823,0.14510695021533146
ctabpfn-a-v3.5,insurance,779,0.9,0.9402985074626866,10688.585131972583,0.17065015762116856,532.6258902116282,21305.035608465125,0.0363639078126035
ctabpfn-a-v3.5,insurance,784,0.9,0.9104477611940298,9201.07465146193,0.16049651008694518,566.6946492695824,22667.78597078329,0.15647191366187505
ctabpfn-a-v3.5,insurance,782,0.9,0.8843283582089553,8724.609636449102,0.13928416134981947,513.9933130779575,20559.7325231183,0.1531741186005939
ctabpfn-a-v3.5,insurance,783,0.9,0.9067164179104478,7555.22422471687,0.1399129552450684,632.1242772448458,25284.971089793835,0.108287883932567
ctabpfn-a-v3.5,insurance,786,0.9,0.9104477611940298,7729.115848370452,0.13457229169669138,542.6996386702717,21707.985546810873,0.13151802528963852
ctabpfn-a-v3.5,insurance,785,0.9,0.9291044776119403,7718.962661970907,0.16240627736922017,512.2123390259519,20488.493561038074,0.13752939468868908
ctabpfn-a-v3.5,concrete,778,0.9,0.8932038834951457,8.37555479308934,0.11557271689098025,0.29469357154901754,11.787742861960698,0.11766441279909226
ctabpfn-a-v3.5,concrete,777,0.9,0.8592233009708737,7.672124780497505,0.10200937083496218,0.309346025227343,12.37384100909372,0.11576531305803199
ctabpfn-a-v3.5,concrete,781,0.9,0.8640776699029126,8.998207790180317,0.12074889680864623,0.29025756488147303,11.610302595258917,0.11195368517072309
ctabpfn-a-v3.5,concrete,780,0.9,0.8495145631067961,8.649510625496651,0.11137664982612222,0.41859818225346723,16.74392729013869,0.14473265938715796
ctabpfn-a-v3.5,concrete,784,0.9,0.9077669902912622,9.84043767614272,0.13141610144421367,0.32102727195591607,12.84109087823664,0.12604398304012368
ctabpfn-a-v3.5,concrete,779,0.9,0.8495145631067961,8.915944644548361,0.12185246200011426,0.3423143157854821,13.692572631419281,0.14278435923255695
ctabpfn-a-v3.5,concrete,783,0.9,0.8883495145631068,8.320663908152904,0.11288378657106098,0.3239366774998823,12.95746709999529,0.12004135317214089
ctabpfn-a-v3.5,concrete,782,0.9,0.970873786407767,11.481433098755994,0.15181056589654893,0.296118049175994,11.844721967039758,0.10530499264501085
ctabpfn-a-v3.5,concrete,785,0.9,0.8737864077669902,9.411699871415074,0.12887443340291763,0.36092907328050117,14.437162931220046,0.14806720429758216
ctabpfn-a-v3.5,energy_efficiency,778,0.9,0.935064935064935,1.1727347466852758,0.03246773938774296,0.03209439458785121,1.2837757835140478,0.03053086220677405
ctabpfn-a-v3.5,concrete,786,0.9,0.9174757281553398,9.801309881858455,0.13685157612201138,0.4432724728630585,17.73089891452234,0.12891392043062946
ctabpfn-a-v3.5,energy_efficiency,780,0.9,0.9675324675324676,1.2089081151144845,0.032593909817052694,0.040608124036293526,1.6243249614517408,0.027188653418843262
ctabpfn-a-v3.5,energy_efficiency,777,0.9,0.9090909090909091,1.1729377121120304,0.032464370664600894,0.04151362621939028,1.6605450487756108,0.03198212207740948
ctabpfn-a-v3.5,energy_efficiency,779,0.9,0.948051948051948,1.1592754884199663,0.03137416748091925,0.03265888170762496,1.3063552683049982,0.029179740507420178
ctabpfn-a-v3.5,energy_efficiency,784,0.9,0.8246753246753247,1.0209215213726093,0.027674749833901037,0.044534895822599355,1.7813958329039739,0.03224498389635479
ctabpfn-a-v3.5,energy_efficiency,783,0.9,0.9025974025974026,1.0457240141831434,0.02819423063313948,0.02991840108648524,1.1967360434594096,0.02805322685497891
ctabpfn-a-v3.5,energy_efficiency,782,0.9,0.8701298701298701,1.0821647241518095,0.029787082965918237,0.03973411608051945,1.5893646432207778,0.031716477510453936
ctabpfn-a-v3.5,energy_efficiency,785,0.9,0.922077922077922,1.1485891713724508,0.03130523770434589,0.036436099262980706,1.457443970519228,0.028914453328108238
ctabpfn-a-v3.5,energy_efficiency,781,0.9,0.8571428571428571,1.059711013521467,0.02867959441194768,0.042496682157764185,1.6998672863105668,0.03141538693201301
ctabpfn-a-v3.5,energy_efficiency,786,0.9,0.8116883116883117,0.93769198269039,0.0274499994932784,0.038734260766537146,1.5493704306614857,0.03128106895538961
ctabpfn-a-v3.5,airfoil,778,0.9,0.9036544850498339,2.5731956253812163,0.08137101557035123,0.09212601993091879,3.6850407972367507,0.07998601796489437
ctabpfn-a-v3.5,airfoil,780,0.9,0.9401993355481728,2.8745489785837575,0.07878282617326056,0.09419689267180686,3.767875706872274,0.06664704986572001
ctabpfn-a-v3.5,airfoil,779,0.9,0.920265780730897,2.7608661588244265,0.07795093339049144,0.09000717799291263,3.600287119716504,0.07344056110800924
ctabpfn-a-v3.5,airfoil,777,0.9,0.9036544850498339,2.9402374571740033,0.08725516981256505,0.09487582042605378,3.795032817042149,0.08521401373119297
ctabpfn-a-v3.5,airfoil,784,0.9,0.8073089700996677,2.321809483524969,0.06299507511530969,0.09588574979154776,3.8354299916619103,0.07994199951545165
ctabpfn-a-v3.5,airfoil,782,0.9,0.8870431893687708,2.386964994411532,0.07109140440825389,0.09562710122650248,3.825084049060098,0.07516620150808638
ctabpfn-a-v3.5,airfoil,781,0.9,0.8770764119601329,2.6810606896283224,0.07359889891370162,0.09360455606150075,3.7441822424600293,0.07978194574715251
ctabpfn-a-v3.5,airfoil,783,0.9,0.8770764119601329,2.607873352659105,0.07313571576249667,0.10098809723204547,4.039523889281818,0.07752602180532837
ctabpfn-a-v3.5,airfoil,785,0.9,0.920265780730897,2.901214118019687,0.08549578941532647,0.09028511125938438,3.6114044503753737,0.08019144068403414
ctabpfn-a-v3.5,airfoil,786,0.9,0.920265780730897,2.723185745188564,0.07759248191214281,0.09073596591886099,3.6294386367544385,0.07220835782218714
ctabpfn-m-v3.5,miami_housing,780,0.9,0.9124506637961967,154104.0271685504,0.05977658152387526,5097.752605287946,203910.10421151776,0.05633463670456538
ctabpfn-m-v3.5,miami_housing,778,0.9,0.9009687836383208,148781.58654859615,0.058921067105697264,5164.285081895296,206571.4032758118,0.05878379450360311
ctabpfn-m-v3.5,miami_housing,777,0.9,0.8959454610692501,145332.50041487263,0.056609083634508096,5058.845076471117,202353.80305884464,0.05745290121997777
ctabpfn-m-v3.5,miami_housing,779,0.9,0.9024040186580553,150133.30339803104,0.05823634732274284,5280.056227924853,211202.2491169941,0.05736522995838409
ctabpfn-m-v3.5,miami_housing,781,0.9,0.8919985647649803,136530.68795271573,0.0529599255053203,4990.1523169444645,199606.09267777854,0.05447813776764935
ctabpfn-m-v3.5,miami_housing,784,0.9,0.8887692859705777,143389.40214051848,0.055620404243800804,5151.491757349974,206059.67029399893,0.057958083409819075
ctabpfn-m-v3.5,miami_housing,782,0.9,0.8909221385001794,144741.90724233046,0.05614503772006612,4830.112113860111,193204.48455440436,0.05801477763399575
ctabpfn-m-v3.5,miami_housing,783,0.9,0.8930749910297812,139365.9730276731,0.05412270797191189,4964.946929522113,198597.87718088448,0.055858936492583396
ctabpfn-m-v3.5,miami_housing,785,0.9,0.9006099748833871,144205.68739628184,0.05593703933137387,5041.022515179294,201640.9006071717,0.055747036337186355
ctabpfn-m-v3.5,miami_housing,786,0.9,0.9099390025116613,154131.47119158146,0.05985688201614814,5089.036704103315,203561.4681641326,0.0575000148359496
ctabpfn-m-v3.5,naval_propulsion,778,0.9,0.8755760368663594,0.0023762428915345825,0.0013509055665347255,7.217502285608137e-05,0.0028870009142432547,0.0014398698803006855
ctabpfn-m-v3.5,naval_propulsion,777,0.9,0.8847926267281107,0.002303938131278461,0.0013120376601813558,6.869825474203076e-05,0.0027479301896812303,0.0013862335614474469
ctabpfn-m-v3.5,naval_propulsion,779,0.9,0.8793464599916213,0.0024613385101617206,0.0014008756460795221,7.555355761507639e-05,0.0030221423046030552,0.001465794773897789
ctabpfn-m-v3.5,naval_propulsion,780,0.9,0.880184331797235,0.002484449958346806,0.001412421806905518,7.799561802105843e-05,0.0031198247208423366,0.0014976396493899776
ctabpfn-m-v3.5,naval_propulsion,781,0.9,0.8894009216589862,0.0024113966753705556,0.001369333716848697,7.110284269792428e-05,0.002844113707916971,0.0014178419476376775
ctabpfn-m-v3.5,naval_propulsion,782,0.9,0.8902387934645999,0.0025043118734163973,0.0014245232499524444,7.593034785264275e-05,0.0030372139141057095,0.0014686096972265487
ctabpfn-m-v3.5,naval_propulsion,783,0.9,0.8994553833263511,0.002729701047593897,0.0015500857737614404,7.862767608696607e-05,0.0031451070434786415,0.0015568195187964367
ctabpfn-m-v3.5,naval_propulsion,785,0.9,0.8697109342270632,0.0022235410978567365,0.0012655327819332592,7.035890407626155e-05,0.002814356163050461,0.0013743471933381495
ctabpfn-m-v3.5,naval_propulsion,784,0.9,0.8818600754084625,0.0023306188632815665,0.0013249680860043017,7.393345294834695e-05,0.002957338117933877,0.0013954863722056732
ctabpfn-m-v3.5,naval_propulsion,786,0.9,0.9074151654796816,0.002610663024636058,0.0014799677010408493,7.56104285959473e-05,0.0030244171438378914,0.0014487405294638033
ctabpfn-m-v3.5,computer,778,0.9,0.8718730933496034,5.831732198768742,0.058906385846148906,0.20290152480720097,8.116060992288038,0.06039660469792662
ctabpfn-m-v3.5,computer,777,0.9,0.9121415497254424,5.696378293307981,0.057539174679878596,0.18751304714762637,7.500521885905053,0.05714683945564228
ctabpfn-m-v3.5,computer,779,0.9,0.9298352654057352,5.803170494221565,0.058617883780015805,0.18468195048681918,7.387278019472766,0.05748269681241517
ctabpfn-m-v3.5,computer,780,0.9,0.8987187309334961,5.829286392612236,0.058881680733456926,0.18645113798959584,7.458045519583832,0.05890810126654901
ctabpfn-m-v3.5,computer,781,0.9,0.8834655277608298,5.714612878045344,0.05772336240449842,0.1936276218198727,7.745104872794905,0.05836779018577302
ctabpfn-m-v3.5,computer,783,0.9,0.9328859060402684,5.910773991665657,0.059704787794602594,0.18279937264612353,7.311974905844939,0.05843127161899784
ctabpfn-m-v3.5,computer,782,0.9,0.9072605247101891,5.736229725768466,0.05794171440170167,0.1887968794393278,7.551875177573111,0.05769256065274903
ctabpfn-m-v3.5,computer,784,0.9,0.8901769371568029,5.721756788344555,0.05779552311459146,0.1916704057228864,7.666816228915454,0.0582116897055036
ctabpfn-m-v3.5,computer,785,0.9,0.9048200122025626,5.674143546379653,0.057314581276562145,0.19109873873857267,7.643949549542905,0.05716676045228991
ctabpfn-m-v3.5,computer,786,0.9,0.9176327028676022,5.806083331390297,0.058647306377679766,0.1900044116288733,7.600176465154931,0.05807887897875329
ctabpfn-m-v3.5,parkinsons,777,0.9,0.8961702127659574,6.924890620860648,0.1442926033684916,0.21484769217186794,8.593907686874715,0.1448975223033709
ctabpfn-m-v3.5,parkinsons,778,0.9,0.9114893617021277,7.082106938057757,0.14756848929108513,0.20458930031009437,8.183572012403772,0.1458835686704068
ctabpfn-m-v3.5,parkinsons,780,0.9,0.9046808510638298,7.103028659414738,0.14800443114299755,0.20015529579600888,8.006211831840353,0.1469072761328092
ctabpfn-m-v3.5,parkinsons,779,0.9,0.9004255319148936,7.020085088039966,0.14641038391674244,0.1928181735276568,7.712726941106267,0.1460798623863068
ctabpfn-m-v3.5,parkinsons,781,0.9,0.8570212765957447,6.771547588997699,0.141097424341509,0.20816068234910362,8.326427293964143,0.14758137054225506
ctabpfn-m-v3.5,parkinsons,782,0.9,0.934468085106383,7.230340820069008,0.15065720995309653,0.19462680313572994,7.785072125429195,0.1447136935616272
ctabpfn-m-v3.5,parkinsons,783,0.9,0.88,6.907188721514763,0.14392375232361151,0.20581658368033556,8.232663347213421,0.146790455735929
ctabpfn-m-v3.5,parkinsons,784,0.9,0.9080851063829787,6.83045016755449,0.1423247659517105,0.19318485645975972,7.727394258390386,0.14131119946140347
ctabpfn-m-v3.5,parkinsons,785,0.9,0.8995744680851064,7.091761516002898,0.14776965986003707,0.2010957914112173,8.043831656448688,0.14790856998764843
ctabpfn-m-v3.5,parkinsons,786,0.9,0.9029787234042553,7.151751165187105,0.1490196525501564,0.20368547910714663,8.147419164285864,0.14792001608297992
ctabpfn-m-v3.5,kin8nm,777,0.9,0.8828553996339231,0.19938806883531637,0.14733105119887438,0.006380164194992719,0.2552065677997087,0.15248045432001767
ctabpfn-m-v3.5,kin8nm,778,0.9,0.8804148871262966,0.1973923945741511,0.14022235293928725,0.006415293198745283,0.2566117279498113,0.14702966541427237
ctabpfn-m-v3.5,kin8nm,779,0.9,0.9109212934716291,0.20796705954699635,0.14662551124093254,0.006242517780291765,0.2497007112116706,0.1416318004147284
ctabpfn-m-v3.5,kin8nm,780,0.9,0.9097010372178157,0.19765183258213018,0.14556331352659835,0.005894627004419183,0.23578508017676725,0.14240011700291844
ctabpfn-m-v3.5,kin8nm,781,0.9,0.8791946308724832,0.1914179163272967,0.1372366608494786,0.006220755221202368,0.24883020884809462,0.14430117653775454
ctabpfn-m-v3.5,kin8nm,782,0.9,0.9194630872483222,0.20504523025481275,0.1479589502309605,0.006130476377348447,0.24521905509393785,0.13877500733827028
ctabpfn-m-v3.5,kin8nm,783,0.9,0.9103111653447223,0.20023095361374732,0.14541421542638994,0.005997781606824486,0.2399112642729794,0.14297063053249331
ctabpfn-m-v3.5,kin8nm,784,0.9,0.9066503965832825,0.20237600021041552,0.14830813978008708,0.006126598786078416,0.2450639514431366,0.14625878524120578
ctabpfn-m-v3.5,kin8nm,785,0.9,0.9219035997559487,0.20945564044674697,0.1504777823247516,0.006116687245991275,0.24466748983965095,0.14189429852579424
ctabpfn-m-v3.5,kin8nm,786,0.9,0.8950579621720561,0.19934557116908078,0.14160983809765845,0.006110422861411789,0.2444169144564715,0.14350154004600552
ctabpfn-m-v3.5,sulfur,777,0.9,0.8983639067922657,0.054985767753538986,0.06446570797393855,0.001694432417368961,0.06777729669475843,0.064631999672805
ctabpfn-m-v3.5,sulfur,778,0.9,0.9077838373822509,0.054513502687106835,0.06896183457194396,0.0017453970405895086,0.06981588162358032,0.06739992220690455
ctabpfn-m-v3.5,sulfur,779,0.9,0.90233019335647,0.05206221981337927,0.06586086039684254,0.001640738120817489,0.06562952483269953,0.0655949037295021
ctabpfn-m-v3.5,sulfur,780,0.9,0.92563212692117,0.055163376783858846,0.05551891994720072,0.0016778921553884823,0.06711568621553929,0.05243576685271036
ctabpfn-m-v3.5,sulfur,781,0.9,0.8834903321764997,0.05053685980848506,0.05848828345605185,0.0018397131574511567,0.07358852629804626,0.06111805439346414
ctabpfn-m-v3.5,sulfur,782,0.9,0.894893406048587,0.05102837975190035,0.059057138701188186,0.0017662408924710563,0.07064963569884224,0.05963941897246085
ctabpfn-m-v3.5,sulfur,783,0.9,0.8993554784333168,0.05326249712711523,0.05617654293898943,0.001760955053294864,0.07043820213179454,0.056227417119638454
ctabpfn-m-v3.5,sulfur,784,0.9,0.90233019335647,0.05439809695173408,0.05724651163095554,0.00176945699737878,0.07077827989515119,0.05700298315394363
ctabpfn-m-v3.5,sulfur,785,0.9,0.8879524045612296,0.054690906966828184,0.06344954570557089,0.0019323014454864559,0.07729205781945821,0.06525577892860521
ctabpfn-m-v3.5,sulfur,786,0.9,0.9191869112543382,0.055492794475470605,0.06539072730466916,0.0017210440142070849,0.06884176056828337,0.06311218589117527
ctabpfn-m-v3.5,powerplant,778,0.9,0.9195402298850575,6.94074655052512,0.09193041788774993,0.25480539614877734,10.19221584595109,0.08470077678744575
ctabpfn-m-v3.5,powerplant,777,0.9,0.88662486938349,6.159957917630984,0.08787386473082713,0.22484230328503074,8.993692131401227,0.09076834606507779
ctabpfn-m-v3.5,powerplant,779,0.9,0.8897596656217346,6.222245346914389,0.08241384565449522,0.23799919622694315,9.519967849077723,0.08483607770241673
ctabpfn-m-v3.5,powerplant,780,0.9,0.9012539184952978,6.48324422328076,0.09301641640288036,0.24497472876665372,9.798989150666147,0.09260962271271521
ctabpfn-m-v3.5,powerplant,781,0.9,0.8918495297805643,6.424170578784206,0.09105840650296534,0.2901384511088628,11.60553804435451,0.09352637266140049
ctabpfn-m-v3.5,powerplant,782,0.9,0.9028213166144201,6.496820830501608,0.08668206578387738,0.2501830022287719,10.007320089150873,0.08580032217111334
ctabpfn-m-v3.5,powerplant,783,0.9,0.9096133751306165,6.649217898569137,0.09485332237616455,0.21738104307041156,8.695241722816458,0.09007181874654585
ctabpfn-m-v3.5,powerplant,784,0.9,0.9012539184952978,6.462684543653467,0.09200860682877941,0.23812113691148584,9.524845476459431,0.0919284598655703
ctabpfn-m-v3.5,powerplant,785,0.9,0.9054336468129571,6.658534481483069,0.0948374089372321,0.2696859277228952,10.787437108915805,0.09331893893274082
ctabpfn-m-v3.5,debutanizer,777,0.9,0.8747390396659708,0.04306520633632803,0.04338868765996879,0.0022943844439589807,0.09177537775835923,0.04867984603165503
ctabpfn-m-v3.5,powerplant,786,0.9,0.8887147335423198,6.613918707039414,0.08861091515326118,0.2662146107704539,10.648584430818154,0.09224000130543561
ctabpfn-m-v3.5,debutanizer,778,0.9,0.9018789144050104,0.04611754628279419,0.050586432684428945,0.001664700781833976,0.06658803127335901,0.049267779753560656
ctabpfn-m-v3.5,debutanizer,780,0.9,0.8789144050104384,0.03724147021986295,0.037686507168090355,0.001829221362093306,0.07316885448373221,0.04063550087392458
ctabpfn-m-v3.5,debutanizer,781,0.9,0.9248434237995825,0.0525093289599647,0.052511536544961046,0.001755867923249789,0.07023471692999154,0.044919682403198644
ctabpfn-m-v3.5,debutanizer,779,0.9,0.9352818371607515,0.052568087776216806,0.05285930926892373,0.001789242987544275,0.07156971950177098,0.045923651814644466
ctabpfn-m-v3.5,debutanizer,782,0.9,0.9311064718162839,0.05054485248032343,0.05114139641292159,0.0016138674144191415,0.06455469657676563,0.045408861749686946
ctabpfn-m-v3.5,debutanizer,784,0.9,0.8977035490605428,0.03668138176875504,0.036973784133986734,0.0013866743960157298,0.055466975840629186,0.03750919218189822
ctabpfn-m-v3.5,debutanizer,783,0.9,0.9102296450939458,0.04966890344120142,0.050414836829596826,0.001864639128058053,0.0745855651223221,0.04953674013576055
ctabpfn-m-v3.5,debutanizer,785,0.9,0.8893528183716075,0.03984356819144557,0.04014179321435505,0.001575106086107298,0.06300424344429191,0.04179649153927916
ctabpfn-m-v3.5,debutanizer,786,0.9,0.8914405010438413,0.046750949742369714,0.04675254353657887,0.0015993944616470473,0.06397577846588189,0.0492644406207698
ctabpfn-m-v3.5,insurance,777,0.9,0.8544776119402985,5408.044372103108,0.0918181320762067,665.1387650758113,26605.550603032454,0.1333998504736816
ctabpfn-m-v3.5,insurance,778,0.9,0.8955223880597015,5537.637779121968,0.08841260736400791,629.6903806782009,25187.615227128033,0.0934874888498557
ctabpfn-m-v3.5,insurance,780,0.9,0.9253731343283582,6770.815430598473,0.14243205770091666,458.487236436458,18339.489457458316,0.12048212561242144
ctabpfn-m-v3.5,insurance,779,0.9,0.9440298507462687,9196.881603411774,0.14683414838047906,509.1332604970541,20365.33041988216,0.09561647086219786
ctabpfn-m-v3.5,insurance,781,0.9,0.8656716417910447,5114.812429855119,0.08324418902984158,588.0164500261997,23520.658001047985,0.10235883114303083
ctabpfn-m-v3.5,insurance,782,0.9,0.9029850746268657,5920.135350013847,0.09451208955633016,529.6738831282613,21186.955325130457,0.09328874588934757
ctabpfn-m-v3.5,insurance,783,0.9,0.9067164179104478,6210.357495891514,0.11500776741157628,620.4179464301995,24816.717857207987,0.0920008207315049
ctabpfn-m-v3.5,insurance,784,0.9,0.8917910447761194,7406.41419459101,0.12919182546806102,569.4779689156877,22779.11875662751,0.13838407241665732
ctabpfn-m-v3.5,concrete,777,0.9,0.8592233009708737,7.675140937555184,0.10204947397360968,0.3088220760949607,12.352883043798428,0.11570458792938593
ctabpfn-m-v3.5,insurance,785,0.9,0.9291044776119403,7626.775219362174,0.1604666619014534,512.7419479773497,20509.677919093985,0.12593643569798132
ctabpfn-m-v3.5,insurance,786,0.9,0.914179104477612,6945.318554778597,0.12092553052845784,549.5876858705437,21983.507434821742,0.09810668516234591
ctabpfn-m-v3.5,concrete,778,0.9,0.883495145631068,8.011529561385368,0.11054960068145947,0.29214574105531277,11.685829642212509,0.11685159798391506
ctabpfn-m-v3.5,concrete,780,0.9,0.7912621359223301,7.170478133321966,0.09233167825549789,0.451073836967783,18.042953478711322,0.13604960530630628
ctabpfn-m-v3.5,concrete,779,0.9,0.8495145631067961,8.911943316459656,0.12179777663604832,0.3424072974688799,13.696291898755192,0.14296779513686395
ctabpfn-m-v3.5,concrete,782,0.9,0.9611650485436893,11.33254778848111,0.14984196467646582,0.3003070058811059,12.012280235244233,0.10546685497137794
ctabpfn-m-v3.5,concrete,781,0.9,0.9029126213592233,8.29683554288253,0.11133703090287883,0.2910228223013647,11.640912892054587,0.11080346579462202
ctabpfn-m-v3.5,concrete,785,0.9,0.8786407766990292,9.70663984307965,0.13291304728302958,0.3572872951539976,14.291491806159899,0.14853784037093293
ctabpfn-m-v3.5,concrete,783,0.9,0.8883495145631068,8.188743866763069,0.11109406955315519,0.3256607954131747,13.026431816526989,0.11812895631954799
ctabpfn-m-v3.5,concrete,786,0.9,0.9077669902912622,9.250813632335477,0.12916522804154534,0.4413273213673564,17.653092854694254,0.12605555720566713
ctabpfn-m-v3.5,concrete,784,0.9,0.9077669902912622,9.992535276320375,0.13344731939530416,0.3223016926385825,12.892067705543296,0.12491894183370608
ctabpfn-m-v3.5,energy_efficiency,778,0.9,0.9285714285714286,1.1594246176930216,0.03209924190733725,0.032286034172231526,1.2914413668892608,0.02992063366820186
ctabpfn-m-v3.5,energy_efficiency,777,0.9,0.922077922077922,1.1692260643104455,0.03236164030751302,0.04145410550105108,1.6581642200420428,0.0316252790750565
ctabpfn-m-v3.5,energy_efficiency,780,0.9,0.9675324675324676,1.2006171368933343,0.03237037306264045,0.04048544482751325,1.6194177931005302,0.027252747076543352
ctabpfn-m-v3.5,energy_efficiency,779,0.9,0.9415584415584416,1.145692459948651,0.031006561838935076,0.03254911079035177,1.3019644316140704,0.02915350582612722
ctabpfn-m-v3.5,energy_efficiency,782,0.9,0.8701298701298701,1.0481496971923034,0.02885080366617956,0.040353068035918385,1.614122721436735,0.03128397204969431
ctabpfn-m-v3.5,energy_efficiency,781,0.9,0.8181818181818182,0.9364763606678356,0.02534442112768161,0.04395570587802241,1.758228235120896,0.03153978989056344
ctabpfn-m-v3.5,energy_efficiency,784,0.9,0.8246753246753247,0.9418645152797946,0.025531702772561525,0.04508237024406336,1.8032948097625345,0.028607114236917103
ctabpfn-m-v3.5,energy_efficiency,783,0.9,0.9090909090909091,1.049939743884198,0.028307892798171957,0.030434156300185585,1.217366252007423,0.028091002830963826
ctabpfn-m-v3.5,airfoil,777,0.9,0.9036544850498339,2.8950711120402692,0.08591480286198386,0.09480603237722401,3.7922412950889592,0.08523538940310937
ctabpfn-m-v3.5,energy_efficiency,786,0.9,0.8571428571428571,0.9657975295921425,0.028272761404922207,0.03917815409697496,1.5671261638789982,0.030315341691007473
ctabpfn-m-v3.5,energy_efficiency,785,0.9,0.9025974025974026,1.0853771513158625,0.029582369891410804,0.03665729053608789,1.466291621443515,0.029020487972106906
ctabpfn-m-v3.5,airfoil,778,0.9,0.9169435215946844,2.5051635792881153,0.07921966857313083,0.09038794900887831,3.615517960355131,0.07581778015723084
ctabpfn-m-v3.5,airfoil,780,0.9,0.9335548172757475,2.7677362131517986,0.07585540639547782,0.09369355234038396,3.747742093615357,0.06623235271523917
ctabpfn-m-v3.5,airfoil,779,0.9,0.9269102990033222,2.776649170935748,0.07839655460318899,0.09000539291736692,3.600215716694676,0.06864876669748869
ctabpfn-m-v3.5,airfoil,782,0.9,0.9003322259136213,2.4578596096102183,0.07320287138462649,0.09578343684807963,3.831337473923185,0.0727637180212273
ctabpfn-m-v3.5,airfoil,781,0.9,0.8770764119601329,2.5596763382718413,0.07026672719533988,0.09428357437995581,3.7713429751982317,0.07513569981004266
ctabpfn-m-v3.5,airfoil,783,0.9,0.8737541528239202,2.409978619445598,0.06758591674927363,0.10108053294844002,4.043221317937601,0.0754226190402897
ctabpfn-m-v3.5,airfoil,784,0.9,0.8305647840531561,2.257497895199595,0.061250180296811875,0.09489565999484145,3.7958263997936568,0.07355671922677413
ctabpfn-m-v3.5,airfoil,785,0.9,0.920265780730897,2.902638457542242,0.08553776323281202,0.0902938521122219,3.6117540844888754,0.08023569175992291
ctabpfn-m-v3.5,airfoil,786,0.9,0.9269102990033222,2.7424497382585393,0.07814137617559093,0.09032970162325132,3.6131880649300516,0.07040173553661877
ctabpfn-q-v3.5,miami_housing,780,0.9,0.9124506637961967,154852.2479200305,0.06006681455392959,5101.653674846386,204066.1469938554,0.05644266619871015
ctabpfn-q-v3.5,miami_housing,779,0.9,0.9027628274129889,150488.86759115985,0.058374269818138036,5278.045849661936,211121.8339864774,0.057512147157724264
ctabpfn-q-v3.5,miami_housing,777,0.9,0.8952278435593829,145362.60620739145,0.056620810270475386,5058.209134205688,202328.36536822747,0.057268482359776156
ctabpfn-q-v3.5,miami_housing,778,0.9,0.901686401148188,149190.91534355938,0.05908317109958393,5166.3185574206145,206652.74229682455,0.05862408295687637
ctabpfn-q-v3.5,miami_housing,781,0.9,0.8927161822748475,136535.59457413887,0.05296182877197008,4993.012229351679,199720.4891740671,0.05445669350148152
ctabpfn-q-v3.5,miami_housing,782,0.9,0.8923573735199138,145129.74138858987,0.056295477652672565,4832.255961271081,193290.2384508432,0.057955760240642334
ctabpfn-q-v3.5,miami_housing,783,0.9,0.894151417294582,139854.02842157785,0.0543122440472147,4971.200024878342,198848.00099513365,0.05590275885086349
ctabpfn-q-v3.5,miami_housing,784,0.9,0.8927161822748475,144677.60002074364,0.056120093103469215,5152.566016676199,206102.6406670479,0.057721445618826556
ctabpfn-q-v3.5,miami_housing,785,0.9,0.901686401148188,144658.84069592078,0.05611281640648595,5041.227551641832,201649.1020656732,0.055781585786396665
ctabpfn-q-v3.5,naval_propulsion,778,0.9,0.8914956011730205,0.0024407652597273548,0.0013875868446431806,7.205742537962813e-05,0.0028822970151851247,0.001424471337902414
ctabpfn-q-v3.5,miami_housing,786,0.9,0.9095801937567277,154239.65601453176,0.059898895539623985,5087.140903076786,203485.6361230714,0.0575804294162996
ctabpfn-q-v3.5,naval_propulsion,777,0.9,0.8990364474235442,0.002383192235648407,0.001357170977020733,6.874979487150126e-05,0.0027499917948600495,0.001358331589296814
ctabpfn-q-v3.5,naval_propulsion,780,0.9,0.8839547549224969,0.00250341493525563,0.001423203487922473,7.761976874781069e-05,0.003104790749912427,0.0014814944300969388
ctabpfn-q-v3.5,naval_propulsion,779,0.9,0.8944281524926686,0.002544088528702636,0.0014479729816178916,7.593677744462888e-05,0.0030374710977851545,0.0014666671518023513
ctabpfn-q-v3.5,naval_propulsion,781,0.9,0.9049015500628403,0.0024382933337517647,0.00138460723097772,7.027313603571272e-05,0.002810925441428508,0.001364095666294471
ctabpfn-q-v3.5,naval_propulsion,782,0.9,0.8852115626309175,0.0024386900311291443,0.0013871956946127102,7.518181578105169e-05,0.0030072726312420665,0.0014318263110275468
ctabpfn-q-v3.5,naval_propulsion,783,0.9,0.9107666527021365,0.0027570107184696955,0.0015655938208232229,7.74764434177354e-05,0.0030990577367094154,0.0015148377585628885
ctabpfn-q-v3.5,naval_propulsion,786,0.9,0.9111855886049435,0.002619102965551887,0.0014847522480452874,7.482389090048211e-05,0.0029929556360192835,0.0014449763737219485
ctabpfn-q-v3.5,naval_propulsion,785,0.9,0.8730624214495182,0.0022447887990681456,0.0012776259527991724,7.007127400342498e-05,0.0028028509601369985,0.0013652947861509696
ctabpfn-q-v3.5,naval_propulsion,784,0.9,0.8826979472140762,0.002282020280463055,0.00129733955682948,7.335138441717743e-05,0.002934055376687096,0.0013831332600250375
ctabpfn-q-v3.5,computer,777,0.9,0.9139719341061623,5.862674316449308,0.05921893248938695,0.18838138036643537,7.535255214657414,0.058719703697930274
ctabpfn-q-v3.5,computer,778,0.9,0.8737034777303234,5.2442629199118205,0.052972352726382024,0.20486621405745226,8.194648562298088,0.054563299822080344
ctabpfn-q-v3.5,computer,780,0.9,0.8993288590604027,5.357353087676015,0.05411467765329308,0.1846934062667996,7.387736250671982,0.054150350916212224
ctabpfn-q-v3.5,computer,779,0.9,0.9286150091519219,6.008926654167478,0.060696228829974525,0.18558237267893365,7.423294907157344,0.05957132222827915
ctabpfn-q-v3.5,computer,782,0.9,0.9121415497254424,5.713501461982145,0.05771213597961763,0.18894839496638738,7.557935798655493,0.05736796428183281
ctabpfn-q-v3.5,computer,781,0.9,0.8871262965222697,5.2977999954270185,0.05351313126693958,0.1943142109487463,7.77256843794985,0.05423395706542159
ctabpfn-q-v3.5,computer,784,0.9,0.888346552776083,5.322075286531245,0.053758336227588334,0.19097733746729956,7.63909349869198,0.05422103019977268
ctabpfn-q-v3.5,computer,783,0.9,0.9341061622940817,5.951939370153589,0.0601205996985211,0.1831241799317314,7.324967197269256,0.05870352755921258
ctabpfn-q-v3.5,computer,785,0.9,0.9011592434411226,5.378521227269292,0.054328497245144367,0.19187612605938617,7.675045042375444,0.05429757832075711
ctabpfn-q-v3.5,computer,786,0.9,0.9188529591214155,5.777793728774317,0.0583615528159022,0.19003068501444548,7.601227400577818,0.05774717791373136
ctabpfn-q-v3.5,parkinsons,777,0.9,0.8987234042553192,6.941818581844898,0.14464532800977034,0.21480200441863695,8.592080176745476,0.14489754541292915
ctabpfn-q-v3.5,parkinsons,778,0.9,0.9140425531914894,7.1042018322234455,0.14802887631737469,0.2046040369580858,8.184161478323428,0.14588346048163237
ctabpfn-q-v3.5,parkinsons,779,0.9,0.9004255319148936,6.9943603406053905,0.14587387045560588,0.19246011096816373,7.698404438726547,0.1458632399974198
ctabpfn-q-v3.5,parkinsons,781,0.9,0.8561702127659574,6.6872182967814995,0.1393402712281526,0.20954040488385145,8.381616195354056,0.14626782400238847
ctabpfn-q-v3.5,parkinsons,782,0.9,0.934468085106383,7.33924649380623,0.1529264563636904,0.1955471634087259,7.821886536349034,0.14788505514332045
ctabpfn-q-v3.5,parkinsons,780,0.9,0.9097872340425532,7.15923469543457,0.1491755854191234,0.20017587771509054,8.00703510860362,0.14753617518203893
ctabpfn-q-v3.5,parkinsons,784,0.9,0.9080851063829787,6.809806328631462,0.14189461428220249,0.19334006678187599,7.7336026712750385,0.1409407885346396
ctabpfn-q-v3.5,parkinsons,783,0.9,0.8817021276595745,6.878262153787816,0.14332101503975278,0.20605865483775043,8.242346193510016,0.1462886788206086
ctabpfn-q-v3.5,parkinsons,785,0.9,0.9046808510638298,7.136069710102487,0.14869290111065359,0.20113042653948202,8.04521706157928,0.14793869327476536
ctabpfn-q-v3.5,parkinsons,786,0.9,0.902127659574468,7.220292722417953,0.1504478396903224,0.20397994591514107,8.159197836605639,0.14996509478288836
ctabpfn-q-v3.5,kin8nm,778,0.9,0.8810250152532032,0.1971734138234059,0.14006679478729184,0.006416391019966634,0.2566556407986653,0.14673356221645303
ctabpfn-q-v3.5,kin8nm,777,0.9,0.8840756558877364,0.1997779494354898,0.14761914024553163,0.006376794280182141,0.2550717712072856,0.1524397162173769
ctabpfn-q-v3.5,kin8nm,779,0.9,0.9121415497254424,0.20870122078026557,0.14714312574390168,0.006244694098386731,0.24978776393546923,0.1415454518784947
ctabpfn-q-v3.5,kin8nm,780,0.9,0.9097010372178157,0.1981005831789214,0.14589380185530548,0.005898144715967953,0.23592578863871808,0.142370059751636
ctabpfn-q-v3.5,kin8nm,782,0.9,0.9212934716290421,0.20590251871021584,0.14857756252322857,0.00613541904642508,0.24541676185700315,0.13876182515798088
ctabpfn-q-v3.5,kin8nm,781,0.9,0.8804148871262966,0.19194553524046645,0.13761493608741734,0.006220433928829758,0.24881735715319023,0.1442998283626847
ctabpfn-q-v3.5,kin8nm,783,0.9,0.9103111653447223,0.2002155484519149,0.14540302769801453,0.005996284307020303,0.23985137228081205,0.14276147330085903
ctabpfn-q-v3.5,kin8nm,784,0.9,0.9072605247101891,0.2032541952199911,0.14895171148868344,0.006129051918448353,0.24516207673793405,0.1462737631671391
ctabpfn-q-v3.5,kin8nm,786,0.9,0.8950579621720561,0.19938509373984153,0.1416379138899312,0.006109835300625292,0.24439341202501164,0.14347664742122504
ctabpfn-q-v3.5,kin8nm,785,0.9,0.9219035997559487,0.20956794735751114,0.15055846621006255,0.006117025185393858,0.24468100741575427,0.14208154068890644
ctabpfn-q-v3.5,sulfur,777,0.9,0.8929102627664849,0.05001291605409828,0.058635501021281865,0.0016696332066694613,0.06678532826677845,0.05963421371520022
ctabpfn-q-v3.5,sulfur,778,0.9,0.9053049082796232,0.051238773754960866,0.06481916709040601,0.001716948100219059,0.06867792400876233,0.0640623457738042
ctabpfn-q-v3.5,sulfur,779,0.9,0.9087754090233019,0.04959963175355483,0.06274558469395466,0.0016121888988368102,0.0644875559534724,0.06198143117852266
ctabpfn-q-v3.5,sulfur,780,0.9,0.9241447694595935,0.05279677623447011,0.0531370660051672,0.0016537796597651455,0.06615118639060578,0.05010184188271419
ctabpfn-q-v3.5,sulfur,781,0.9,0.8839861179970253,0.04648377455080212,0.053797489443102454,0.0018203444695250497,0.07281377878100197,0.055654409638802964
ctabpfn-q-v3.5,sulfur,782,0.9,0.895884977689638,0.046932905285361086,0.0543172859997397,0.0017383582489446632,0.06953432995778651,0.0547172841995988
ctabpfn-q-v3.5,sulfur,784,0.9,0.9013386217154189,0.05127504119052966,0.05395992518811469,0.0017344728036188407,0.0693789121447536,0.053791181979876784
ctabpfn-q-v3.5,sulfur,783,0.9,0.9048091224590976,0.051471832271247,0.0542879089734255,0.0017425095588035771,0.06970038235214308,0.05392353939928862
ctabpfn-q-v3.5,sulfur,785,0.9,0.8805156172533466,0.04939700915267156,0.05730784080527213,0.001913834610427598,0.0765533844171039,0.05889560457312112
ctabpfn-q-v3.5,sulfur,786,0.9,0.917203767972236,0.052417148614785254,0.06176649605694004,0.0017050252089257745,0.06820100835703095,0.06034985579557908
ctabpfn-q-v3.5,powerplant,777,0.9,0.8892371995820272,6.157335000352052,0.0878364479365485,0.224843969793529,8.99375879174116,0.09057035511005566
ctabpfn-q-v3.5,powerplant,778,0.9,0.9216300940438872,7.005606656288776,0.09278949213627519,0.25519543192354244,10.207817276941693,0.08493537137102337
ctabpfn-q-v3.5,powerplant,780,0.9,0.9017763845350052,6.500863436994882,0.09326920282632543,0.24511213575660135,9.804485430264052,0.09257827848063231
ctabpfn-q-v3.5,powerplant,779,0.9,0.8939393939393939,6.2503398070141065,0.08278595770879611,0.2374948611204652,9.499794444818606,0.08475594125561574
ctabpfn-q-v3.5,powerplant,781,0.9,0.890282131661442,6.400004722730742,0.09071587133565898,0.2900033981498631,11.600135925994524,0.09290723249595137
ctabpfn-q-v3.5,powerplant,782,0.9,0.9049111807732497,6.546478781705117,0.0873446134984005,0.25036133338665145,10.014453335466058,0.08575191381292367
ctabpfn-q-v3.5,powerplant,784,0.9,0.8949843260188087,6.348681267526082,0.09038555335316176,0.2382000744380173,9.528002977520691,0.09165402364256567
ctabpfn-q-v3.5,powerplant,783,0.9,0.9106583072100314,6.680273488522074,0.09529634077777563,0.21746348860370962,8.698539544148383,0.09060975936597652
ctabpfn-q-v3.5,powerplant,785,0.9,0.9054336468129571,6.674152816724628,0.09505986065695235,0.26970503309801974,10.788201323920784,0.09331885168757367
ctabpfn-q-v3.5,powerplant,786,0.9,0.890282131661442,6.642332278324394,0.08899159000970519,0.26616932620822836,10.646773048329132,0.09223951273567725
ctabpfn-q-v3.5,debutanizer,777,0.9,0.8810020876826722,0.04023034091213026,0.040532528339891336,0.0021202760079051964,0.08481104031620786,0.04325927443187152
ctabpfn-q-v3.5,debutanizer,778,0.9,0.8977035490605428,0.04230832227550463,0.0464080869276306,0.0016440636692619983,0.06576254677047992,0.046680353855644334
ctabpfn-q-v3.5,debutanizer,779,0.9,0.9457202505219207,0.04954359443014437,0.04981806055844323,0.0017673838582197708,0.0706953543287908,0.04315301505409705
ctabpfn-q-v3.5,debutanizer,780,0.9,0.8747390396659708,0.033362393487159296,0.03376107532478364,0.0016490521152345426,0.0659620846093817,0.037590551008042046
ctabpfn-q-v3.5,debutanizer,782,0.9,0.9373695198329853,0.05097555062473053,0.05157717777257653,0.0016008715741413822,0.06403486296565528,0.044376206932256156
ctabpfn-q-v3.5,debutanizer,781,0.9,0.9311064718162839,0.05255101216103423,0.05255322149846602,0.0017539592528718496,0.07015837011487397,0.04505181268153736
ctabpfn-q-v3.5,debutanizer,783,0.9,0.9081419624217119,0.04711738998986127,0.047825004451474896,0.001825944829132189,0.07303779316528755,0.0466611374126316
ctabpfn-q-v3.5,debutanizer,784,0.9,0.9018789144050104,0.0348973584498448,0.035175539632205946,0.0011800388954345611,0.04720155581738244,0.034713605681764396
ctabpfn-q-v3.5,debutanizer,785,0.9,0.8914405010438413,0.03761259725512762,0.03789412368931138,0.0015269753154281192,0.061079012617124756,0.03967334286108421
ctabpfn-q-v3.5,debutanizer,786,0.9,0.9018789144050104,0.04675549241356427,0.046757086362638374,0.0015017283200418645,0.06006913280167456,0.04675531377354439
ctabpfn-q-v3.5,insurance,777,0.9,0.8582089552238806,921.5647947396805,0.01564638753274213,764.0180865631925,30560.723462527698,0.25720563614983466
ctabpfn-q-v3.5,insurance,778,0.9,0.8917910447761194,1977.553301910856,0.031573145553583704,720.0411928386994,28801.647713547987,0.04439038031243
ctabpfn-q-v3.5,insurance,780,0.9,0.9104477611940298,1154.2138271047108,0.02428024395384279,501.68294326597487,20067.317730639,0.02123218649603615
ctabpfn-q-v3.5,insurance,779,0.9,0.9402985074626866,9507.38881649188,0.15179159636825132,487.5641693436172,19502.566773744682,0.11153226719616868
ctabpfn-q-v3.5,insurance,782,0.9,0.9067164179104478,1157.6559994825677,0.01848141656056283,572.4723707167167,22898.894828668672,0.017380665785745635
ctabpfn-q-v3.5,insurance,783,0.9,0.917910447761194,8387.80182795738,0.1553312127944797,594.3003885431364,23772.015541725457,0.12467632157659875
ctabpfn-q-v3.5,insurance,781,0.9,0.8619402985074627,555.4323224879023,0.009039728021419653,718.44024661397,28737.609864558803,0.011722624134627308
ctabpfn-q-v3.5,insurance,784,0.9,0.8843283582089553,2522.340297869782,0.04399777530284945,615.4897350756655,24619.58940302662,0.04794802190891829
ctabpfn-q-v3.5,insurance,785,0.9,0.9291044776119403,7742.755309830851,0.162906872531667,512.385455129167,20495.418205166672,0.12593643394234139
ctabpfn-q-v3.5,concrete,778,0.9,0.883495145631068,7.9836993981333615,0.11016557745457929,0.2921788186818651,11.687152747274604,0.11668257869715759
ctabpfn-q-v3.5,concrete,777,0.9,0.8640776699029126,7.6877975081934515,0.10221775705615546,0.30864479182414645,12.345791672965854,0.11562838972638387
ctabpfn-q-v3.5,insurance,786,0.9,0.914179104477612,5286.629343061305,0.09204595195668172,542.8101280192362,21712.40512076945,0.0710627927135253
ctabpfn-q-v3.5,concrete,779,0.9,0.8592233009708737,8.942159247629851,0.12221073182492621,0.34198946004932373,13.679578401972947,0.14296780209211057
ctabpfn-q-v3.5,concrete,781,0.9,0.8980582524271845,8.082820862242318,0.10846512160819,0.28863421309341514,11.545368523736604,0.11019607956299801
ctabpfn-q-v3.5,concrete,780,0.9,0.7766990291262136,6.942340862403795,0.08939403634308261,0.45468602848284456,18.18744113931378,0.1383877999106257
ctabpfn-q-v3.5,concrete,782,0.9,0.9563106796116505,11.937915212899735,0.15784629396932084,0.31217553730728564,12.487021492291422,0.10872802025627919
ctabpfn-q-v3.5,concrete,783,0.9,0.8932038834951457,8.31931548211181,0.11286549290614313,0.3258054838712933,13.03221935485173,0.11771631445898185
ctabpfn-q-v3.5,concrete,786,0.9,0.912621359223301,9.467013909978775,0.13218394177574386,0.441370754913219,17.65483019652876,0.12891555420631054
ctabpfn-q-v3.5,concrete,784,0.9,0.9077669902912622,10.125034699162233,0.1352168095507777,0.3237325278590027,12.949301114360106,0.1265935403222307
ctabpfn-q-v3.5,concrete,785,0.9,0.8737864077669902,9.695729505668567,0.1327636520014866,0.3577901157823582,14.311604631294324,0.15041250789051275
ctabpfn-q-v3.5,energy_efficiency,777,0.9,0.9090909090909091,1.1625991672664493,0.03217822217731661,0.04144844946923195,1.6579379787692776,0.031522172463101295
ctabpfn-q-v3.5,energy_efficiency,779,0.9,0.9415584415584416,1.1438259211453525,0.03095604658038843,0.03244163510087248,1.2976654040348992,0.02921102571474564
ctabpfn-q-v3.5,energy_efficiency,778,0.9,0.922077922077922,1.143371294071148,0.03165479773175935,0.031695693731308004,1.2678277492523198,0.029654503991586166
ctabpfn-q-v3.5,energy_efficiency,780,0.9,0.9675324675324676,1.2097676512482878,0.03261708415336446,0.04061006211615228,1.624402484646091,0.02721899693710985
ctabpfn-q-v3.5,energy_efficiency,781,0.9,0.8116883116883117,0.9124699505892667,0.024694721260873253,0.04430247114850327,1.7720988459401308,0.030796778859538246
ctabpfn-q-v3.5,energy_efficiency,782,0.9,0.8766233766233766,1.0706445799245463,0.029469985684683356,0.039424628174150135,1.5769851269660053,0.03033533816263553
ctabpfn-q-v3.5,energy_efficiency,783,0.9,0.9155844155844156,1.0488067013876778,0.028277344335068153,0.029622800953976534,1.1849120381590612,0.027280319150347867
ctabpfn-q-v3.5,energy_efficiency,784,0.9,0.8051948051948052,0.8755218549208208,0.023733311328837648,0.04571694446848587,1.8286777787394346,0.02908837044325006
ctabpfn-q-v3.5,energy_efficiency,785,0.9,0.9155844155844156,1.097277207808061,0.029906710488091057,0.03717825889587407,1.4871303558349624,0.0288446281928099
ctabpfn-q-v3.5,energy_efficiency,786,0.9,0.8701298701298701,0.954226862300526,0.027934041636432264,0.03834143277886626,1.5336573111546499,0.029132284010731577
ctabpfn-q-v3.5,airfoil,777,0.9,0.9036544850498339,2.889245194850174,0.08574191159005772,0.09474774228219573,3.7899096912878276,0.08507961257512663
ctabpfn-q-v3.5,airfoil,778,0.9,0.9169435215946844,2.5221532777298328,0.07975692621604002,0.09024199501620575,3.6096798006482294,0.07610382127964548
ctabpfn-q-v3.5,airfoil,780,0.9,0.9335548172757475,2.7706691957391376,0.075935790712833,0.09353269758256172,3.7413079033024674,0.06600789038199238
ctabpfn-q-v3.5,airfoil,779,0.9,0.9302325581395349,2.7917724812149607,0.07882354964184765,0.09012606243754545,3.6050424975018167,0.06831676821001537
ctabpfn-q-v3.5,airfoil,782,0.9,0.9003322259136213,2.451655238965817,0.07301808550648729,0.09588762560872938,3.835505024349174,0.07294026478790384
ctabpfn-q-v3.5,airfoil,781,0.9,0.8837209302325582,2.5586119236740164,0.07023750751273791,0.09385320510103853,3.7541282040415407,0.0754304795737763
ctabpfn-q-v3.5,airfoil,784,0.9,0.8471760797342193,2.318357676762679,0.06290142108046447,0.09368406583462843,3.747362633385136,0.0715051437191891
ctabpfn-q-v3.5,airfoil,783,0.9,0.867109634551495,2.399162824763808,0.06728259646541614,0.10142569557772912,4.0570278231091645,0.07577838108322847
ctabpfn-q-v3.5,airfoil,785,0.9,0.920265780730897,2.9208511149764456,0.08607447147334375,0.0904232337165908,3.6169293486636316,0.08029214185403225
ctabpfn-q-v3.5,airfoil,786,0.9,0.9269102990033222,2.7366426030662763,0.07797591187218703,0.09022828453799028,3.6091313815196098,0.07000987728949025
